{
  "ie": {
    "6": 0,
    "7": 0.0008884466398948079,
    "8": 0,
    "9": 0,
    "10": 0.00444223319947404,
    "11": 2.785280216070223,
    "5.5": 0
  },
  "edge": {
    "12": 0,
    "13": 0.00444223319947404,
    "14": 0.04975301183410924,
    "15": 0.023988059277159815,
    "16": 0.11194427662674579,
    "17": 2.26553893173176,
    "18": 1.1354348057855645
  },
  "firefox": {
    "2": 0,
    "3": 0,
    "4": 0,
    "5": 0,
    "6": 0,
    "7": 0,
    "8": 0,
    "9": 0,
    "10": 0,
    "11": 0,
    "12": 0,
    "13": 0,
    "14": 0,
    "15": 0,
    "16": 0,
    "17": 0,
    "18": 0,
    "19": 0,
    "20": 0,
    "21": 0,
    "22": 0,
    "23": 0,
    "24": 0,
    "25": 0,
    "26": 0,
    "27": 0,
    "28": 0,
    "29": 0,
    "30": 0,
    "31": 0,
    "32": 0,
    "33": 0,
    "34": 0,
    "35": 0,
    "36": 0,
    "37": 0,
    "38": 0,
    "39": 0.00444223319947404,
    "40": 0,
    "41": 0,
    "42": 0,
    "43": 0,
    "44": 0,
    "45": 0.010661359678737695,
    "46": 0.0008884466398948079,
    "47": 0.0017768932797896158,
    "48": 0.02487650591705462,
    "49": 0,
    "50": 0.007996019759053272,
    "51": 0,
    "52": 0.11816340310600945,
    "53": 0,
    "54": 0.0035537865595792317,
    "55": 0,
    "56": 0.019545826077685773,
    "57": 0,
    "58": 0,
    "59": 0.00888446639894808,
    "60": 0.11638650982621983,
    "61": 0.01332669959842212,
    "62": 0.0017768932797896158,
    "63": 0.06841039127190021,
    "64": 0.15281282206190697,
    "65": 1.946586588009524,
    "66": 1.7582359003518246,
    "67": 0.01243825295852731,
    "68": 0,
    "3.5": 0,
    "3.6": 0
  },
  "chrome": {
    "4": 0,
    "5": 0,
    "6": 0,
    "7": 0,
    "8": 0,
    "9": 0,
    "10": 0,
    "11": 0,
    "12": 0,
    "13": 0,
    "14": 0,
    "15": 0,
    "16": 0,
    "17": 0,
    "18": 0,
    "19": 0,
    "20": 0,
    "21": 0,
    "22": 0,
    "23": 0,
    "24": 0,
    "25": 0,
    "26": 0,
    "27": 0.06041437151284694,
    "28": 0,
    "29": 0,
    "30": 0.0017768932797896158,
    "31": 0.0008884466398948079,
    "32": 0,
    "33": 0,
    "34": 0,
    "35": 0,
    "36": 0,
    "37": 0,
    "38": 0,
    "39": 0,
    "40": 0.0017768932797896158,
    "41": 0,
    "42": 0,
    "43": 0.0008884466398948079,
    "44": 0.0017768932797896158,
    "45": 0.006219126479263655,
    "46": 0,
    "47": 0,
    "48": 0.006219126479263655,
    "49": 0.16436262838053944,
    "50": 0.0008884466398948079,
    "51": 0,
    "52": 0.0017768932797896158,
    "53": 0,
    "54": 0,
    "55": 0.007107573119158463,
    "56": 0.0026653399196844237,
    "57": 0.3002949642844451,
    "58": 0.006219126479263655,
    "59": 0.03553786559579232,
    "60": 0.03198407903621309,
    "61": 0.019545826077685773,
    "62": 0.04619922527453001,
    "63": 0.09328689718895483,
    "64": 0.018657379437790965,
    "65": 0.15814350190127582,
    "66": 0.07196417783147943,
    "67": 0.14392835566295886,
    "68": 0.11283272326664061,
    "69": 0.07551796439105868,
    "70": 0.18835068765769927,
    "71": 3.9287110416148407,
    "72": 24.49358541525996,
    "73": 24.30345783432247,
    "74": 1.9927858132840541,
    "75": 0.015103592878211735,
    "76": 0
  },
  "safari": {
    "4": 0,
    "5": 0,
    "6": 0,
    "7": 0.011549806318632503,
    "8": 0.0017768932797896158,
    "9": 0.00444223319947404,
    "10": 0.09772913038842887,
    "11": 0.1243825295852731,
    "12": 4.918440598457656,
    "3.1": 0,
    "3.2": 0,
    "5.1": 0,
    "6.1": 0,
    "7.1": 0,
    "9.1": 0.18302000781833044,
    "10.1": 0.5339564305767796,
    "11.1": 1.11055829986851,
    "12.1": 1.7822239596289848,
    "TP": 0
  },
  "opera": {
    "9": 0,
    "11": 0,
    "12": 0,
    "15": 0,
    "16": 0,
    "17": 0,
    "18": 0,
    "19": 0,
    "20": 0,
    "21": 0,
    "22": 0,
    "23": 0,
    "24": 0,
    "25": 0,
    "26": 0,
    "27": 0,
    "28": 0,
    "29": 0,
    "30": 0,
    "31": 0,
    "32": 0,
    "33": 0,
    "34": 0,
    "35": 0,
    "36": 0,
    "37": 0.0008884466398948079,
    "38": 0,
    "39": 0,
    "40": 0,
    "41": 0,
    "42": 0,
    "43": 0,
    "44": 0,
    "45": 0,
    "46": 0,
    "47": 0,
    "48": 0,
    "49": 0,
    "50": 0,
    "51": 0,
    "52": 0,
    "53": 0.007996019759053272,
    "54": 0,
    "55": 0,
    "56": 0,
    "57": 0.031095632396318275,
    "58": 0.18302000781833044,
    "9.5-9.6": 0,
    "10.0-10.1": 0,
    "10.5": 0,
    "10.6": 0,
    "11.1": 0,
    "11.5": 0,
    "11.6": 0,
    "12.1": 0
  },
  "ios_saf": {
    "8": 0,
    "3.2": 0,
    "4.0-4.1": 0,
    "4.2-4.3": 0,
    "5.0-5.1": 0.0017768932797896158,
    "6.0-6.1": 0.0008884466398948079,
    "7.0-7.1": 0.014215146238316927,
    "8.1-8.4": 0.01776893279789616,
    "9.0-9.2": 0.009772913038842887,
    "9.3": 0.17502398805927716,
    "10.0-10.2": 0.07374107111126907,
    "10.3": 0.3695938021962401,
    "11.0-11.2": 0.2905220512456022,
    "11.3-11.4": 1.0208251892391342,
    "12.0-12.1": 10.440136465403887,
    "12.2": 4.62703010057216
  },
  "op_mini": {
    "all": 0.023988059277159815
  },
  "android": {
    "3": 0,
    "4": 0,
    "67": 0.29407583780518143,
    "2.1": 0,
    "2.2": 0,
    "2.3": 0,
    "4.1": 0,
    "4.2-4.3": 0,
    "4.4": 0,
    "4.4.3-4.4.4": 0
  },
  "bb": {
    "7": 0,
    "10": 0
  },
  "op_mob": {
    "10": 0,
    "11": 0,
    "12": 0,
    "46": 0,
    "11.1": 0,
    "11.5": 0,
    "12.1": 0
  },
  "and_chr": {
    "73": 5.044600021322719
  },
  "and_ff": {
    "66": 0.08084864423042752
  },
  "ie_mob": {
    "10": 0,
    "11": 0
  },
  "and_uc": {
    "11.8": 0
  },
  "samsung": {
    "4": 0,
    "5.0-5.4": 0,
    "6.2-6.4": 0,
    "7.2-7.4": 0,
    "8.2": 0,
    "9.2": 0
  },
  "and_qq": {
    "1.2": 0
  },
  "baidu": {
    "7.12": 0
  },
  "kaios": {
    "2.5": 0
  }
}