{
  "ie": {
    "6": 0.0038536536490246403,
    "7": 0.000770730729804928,
    "8": 0.006165845838439424,
    "9": 0.003082922919219712,
    "10": 0.005395115108634496,
    "11": 3.116064340601324,
    "5.5": 0
  },
  "edge": {
    "12": 0,
    "13": 0.003082922919219712,
    "14": 0.062429189114199174,
    "15": 0.07399015006127309,
    "16": 0.12639983968800822,
    "17": 4.159633748757196,
    "18": 0.19884852828967142
  },
  "firefox": {
    "2": 0,
    "3": 0,
    "4": 0,
    "5": 0,
    "6": 0,
    "7": 0,
    "8": 0,
    "9": 0,
    "10": 0,
    "11": 0,
    "12": 0,
    "13": 0,
    "14": 0,
    "15": 0,
    "16": 0,
    "17": 0,
    "18": 0,
    "19": 0,
    "20": 0,
    "21": 0,
    "22": 0,
    "23": 0,
    "24": 0,
    "25": 0,
    "26": 0,
    "27": 0,
    "28": 0,
    "29": 0,
    "30": 0,
    "31": 0,
    "32": 0,
    "33": 0.001541461459609856,
    "34": 0,
    "35": 0,
    "36": 0,
    "37": 0,
    "38": 0.006165845838439424,
    "39": 0,
    "40": 0,
    "41": 0,
    "42": 0,
    "43": 0,
    "44": 0,
    "45": 0.01618534532590349,
    "46": 0,
    "47": 0.005395115108634496,
    "48": 0.09711207195542093,
    "49": 0,
    "50": 0.002312192189414784,
    "51": 0,
    "52": 0.0847803802785421,
    "53": 0.006165845838439424,
    "54": 0.002312192189414784,
    "55": 0,
    "56": 0.000770730729804928,
    "57": 0.013102422406683776,
    "58": 0,
    "59": 0.007707307298049281,
    "60": 0.14566810793313142,
    "61": 0.05549261254595482,
    "62": 0.0793852651699076,
    "63": 1.1268083269748048,
    "64": 2.6374405573924635,
    "65": 0.8293062652701025,
    "66": 0.01618534532590349,
    "67": 0.000770730729804928,
    "3.5": 0,
    "3.6": 0
  },
  "chrome": {
    "4": 0,
    "5": 0,
    "6": 0,
    "7": 0,
    "8": 0,
    "9": 0,
    "10": 0,
    "11": 0,
    "12": 0,
    "13": 0,
    "14": 0,
    "15": 0,
    "16": 0,
    "17": 0,
    "18": 0,
    "19": 0,
    "20": 0,
    "21": 0,
    "22": 0,
    "23": 0,
    "24": 0,
    "25": 0,
    "26": 0,
    "27": 0.05626334327575974,
    "28": 0,
    "29": 0.000770730729804928,
    "30": 0,
    "31": 0.000770730729804928,
    "32": 0,
    "33": 0,
    "34": 0,
    "35": 0,
    "36": 0,
    "37": 0,
    "38": 0,
    "39": 0.002312192189414784,
    "40": 0.006165845838439424,
    "41": 0,
    "42": 0,
    "43": 0.000770730729804928,
    "44": 0.000770730729804928,
    "45": 0.006165845838439424,
    "46": 0.000770730729804928,
    "47": 0,
    "48": 0.002312192189414784,
    "49": 0.29056548513645786,
    "50": 0.000770730729804928,
    "51": 0,
    "52": 0.012331691676878849,
    "53": 0,
    "54": 0.009248768757659136,
    "55": 0.007707307298049281,
    "56": 0.013873153136488705,
    "57": 0.3298727523565092,
    "58": 0.033141421381611906,
    "59": 0.049326766707515395,
    "60": 0.023121921894147843,
    "61": 0.015414614596098561,
    "62": 0.03468288284122176,
    "63": 0.061658458384394245,
    "64": 0.03930726722005133,
    "65": 0.12717057041781313,
    "66": 0.062429189114199174,
    "67": 0.1811217215041581,
    "68": 0.1895997595320123,
    "69": 0.2628191788634805,
    "70": 10.794854601647822,
    "71": 32.751431632330615,
    "72": 8.31849676678459,
    "73": 0.02080972970473306,
    "74": 0.0038536536490246403,
    "75": 0
  },
  "safari": {
    "4": 0,
    "5": 0,
    "6": 0,
    "7": 0.010019499487464065,
    "8": 0.002312192189414784,
    "9": 0.004624384378829568,
    "10": 0.11021449436210472,
    "11": 0.2165753350751848,
    "12": 7.635629340177422,
    "3.1": 0.000770730729804928,
    "3.2": 0,
    "5.1": 0,
    "6.1": 0,
    "7.1": 0,
    "9.1": 0.1757266063955236,
    "10.1": 0.6851796187965811,
    "11.1": 1.3079300484789629,
    "12.1": 0.000770730729804928,
    "TP": 0
  },
  "opera": {
    "9": 0,
    "11": 0,
    "12": 0,
    "15": 0,
    "16": 0,
    "17": 0,
    "18": 0,
    "19": 0,
    "20": 0,
    "21": 0,
    "22": 0,
    "23": 0,
    "24": 0,
    "25": 0,
    "26": 0,
    "27": 0,
    "28": 0,
    "29": 0,
    "30": 0,
    "31": 0,
    "32": 0,
    "33": 0,
    "34": 0,
    "35": 0,
    "36": 0,
    "37": 0.000770730729804928,
    "38": 0,
    "39": 0,
    "40": 0,
    "41": 0,
    "42": 0,
    "43": 0,
    "44": 0,
    "45": 0,
    "46": 0,
    "47": 0,
    "48": 0,
    "49": 0,
    "50": 0,
    "51": 0,
    "52": 0,
    "53": 0,
    "54": 0,
    "55": 0,
    "56": 0.058575535465174536,
    "57": 0.07244868860166323,
    "9.5-9.6": 0,
    "10.0-10.1": 0,
    "10.5": 0,
    "10.6": 0,
    "11.1": 0,
    "11.5": 0,
    "11.6": 0,
    "12.1": 0
  },
  "ios_saf": {
    "8": 0.008478038027854209,
    "3.2": 0,
    "4.0-4.1": 0,
    "4.2-4.3": 0,
    "5.0-5.1": 0.004624384378829568,
    "6.0-6.1": 0.000770730729804928,
    "7.0-7.1": 0.021580460434537985,
    "8.1-8.4": 0.04470238232868583,
    "9.0-9.2": 0.012331691676878849,
    "9.3": 0.18805829807240243,
    "10.0-10.2": 0.1402729928244969,
    "10.3": 0.6504967359553593,
    "11.0-11.2": 0.3622434430083162,
    "11.3-11.4": 1.9006219796989525,
    "12.0-12.1": 13.381426930873161,
    "12.2": 0.012331691676878849
  },
  "op_mini": {
    "all": 0.012331691676878849
  },
  "android": {
    "3": 0,
    "4": 0,
    "67": 0.19576560537045173,
    "2.1": 0,
    "2.2": 0,
    "2.3": 0,
    "4.1": 0,
    "4.2-4.3": 0,
    "4.4": 0,
    "4.4.3-4.4.4": 0
  },
  "bb": {
    "7": 0,
    "10": 0
  },
  "op_mob": {
    "10": 0.001541461459609856,
    "11": 0.001541461459609856,
    "12": 0.001541461459609856,
    "46": 0.001541461459609856,
    "11.1": 0.001541461459609856,
    "11.5": 0.001541461459609856,
    "12.1": 0.001541461459609856
  },
  "and_chr": {
    "71": 4.538062537091416
  },
  "and_ff": {
    "64": 0.12100472457937371
  },
  "ie_mob": {
    "10": 0,
    "11": 0
  },
  "and_uc": {
    "11.8": 0
  },
  "samsung": {
    "4": 0,
    "5.0-5.4": 0,
    "6.2-6.4": 0,
    "7.2-7.4": 0,
    "8.2": 0
  },
  "and_qq": {
    "1.2": 0
  },
  "baidu": {
    "7.12": 0
  }
}