{
  "ie": {
    "6": 0.0008574123295892995,
    "7": 0,
    "8": 0,
    "9": 0,
    "10": 0.010288947955071593,
    "11": 3.0035153905513163,
    "5.5": 0
  },
  "edge": {
    "12": 0,
    "13": 0.005144473977535796,
    "14": 0.03086684386521478,
    "15": 0.029152019206036182,
    "16": 0.11918031381291264,
    "17": 3.3576266826716967,
    "18": 0.5778959101431879
  },
  "firefox": {
    "2": 0,
    "3": 0,
    "4": 0,
    "5": 0,
    "6": 0,
    "7": 0,
    "8": 0,
    "9": 0,
    "10": 0,
    "11": 0,
    "12": 0,
    "13": 0,
    "14": 0,
    "15": 0,
    "16": 0,
    "17": 0,
    "18": 0,
    "19": 0,
    "20": 0,
    "21": 0,
    "22": 0,
    "23": 0,
    "24": 0,
    "25": 0,
    "26": 0,
    "27": 0,
    "28": 0,
    "29": 0,
    "30": 0,
    "31": 0,
    "32": 0,
    "33": 0,
    "34": 0,
    "35": 0,
    "36": 0,
    "37": 0,
    "38": 0,
    "39": 0,
    "40": 0,
    "41": 0,
    "42": 0,
    "43": 0,
    "44": 0,
    "45": 0.010288947955071593,
    "46": 0,
    "47": 0.002572236988767898,
    "48": 0.05401697676412587,
    "49": 0,
    "50": 0,
    "51": 0,
    "52": 0.07288004801509046,
    "53": 0,
    "54": 0.003429649318357198,
    "55": 0,
    "56": 0.01800565892137529,
    "57": 0.002572236988767898,
    "58": 0,
    "59": 0.001714824659178599,
    "60": 0.12603961244962703,
    "61": 0.01543342193260739,
    "62": 0.012003772614250192,
    "63": 0.07716710966303696,
    "64": 1.852010631912887,
    "65": 1.8880219497556374,
    "66": 0.23921803995541457,
    "67": 0.001714824659178599,
    "68": 0,
    "3.5": 0,
    "3.6": 0
  },
  "chrome": {
    "4": 0,
    "5": 0,
    "6": 0,
    "7": 0,
    "8": 0,
    "9": 0,
    "10": 0,
    "11": 0,
    "12": 0,
    "13": 0,
    "14": 0,
    "15": 0,
    "16": 0,
    "17": 0,
    "18": 0,
    "19": 0,
    "20": 0,
    "21": 0,
    "22": 0,
    "23": 0,
    "24": 0,
    "25": 0,
    "26": 0,
    "27": 0.06602074937837606,
    "28": 0,
    "29": 0.0008574123295892995,
    "30": 0.0008574123295892995,
    "31": 0.0008574123295892995,
    "32": 0,
    "33": 0,
    "34": 0,
    "35": 0,
    "36": 0,
    "37": 0,
    "38": 0,
    "39": 0.002572236988767898,
    "40": 0.0008574123295892995,
    "41": 0,
    "42": 0,
    "43": 0.0008574123295892995,
    "44": 0.001714824659178599,
    "45": 0,
    "46": 0,
    "47": 0,
    "48": 0.002572236988767898,
    "49": 0.20406413444225327,
    "50": 0.0008574123295892995,
    "51": 0,
    "52": 0.001714824659178599,
    "53": 0,
    "54": 0.0008574123295892995,
    "55": 0.007716710966303695,
    "56": 0.006001886307125096,
    "57": 0.28208865643487957,
    "58": 0.019720483580553887,
    "59": 0.04972991511617937,
    "60": 0.024007545228500383,
    "61": 0.018863071250964588,
    "62": 0.04115579182028637,
    "63": 0.09517276858441225,
    "64": 0.007716710966303695,
    "65": 0.14490268370059162,
    "66": 0.06773557403755466,
    "67": 0.1903455371688245,
    "68": 0.1483323330189488,
    "69": 0.1654805796107348,
    "70": 0.684215039012261,
    "71": 25.303952670839408,
    "72": 24.914687473205866,
    "73": 4.591443024950699,
    "74": 0.006001886307125096,
    "75": 0.0008574123295892995,
    "76": 0
  },
  "safari": {
    "4": 0,
    "5": 0,
    "6": 0,
    "7": 0.011146360284660893,
    "8": 0.002572236988767898,
    "9": 0.007716710966303695,
    "10": 0.08145417131098345,
    "11": 0.2134956700677356,
    "12": 7.1345279945125615,
    "3.1": 0.0008574123295892995,
    "3.2": 0,
    "5.1": 0,
    "6.1": 0,
    "7.1": 0,
    "9.1": 0.1526193946668953,
    "10.1": 0.601046043042099,
    "11.1": 1.2792591957472348,
    "12.1": 0.07888193432221555,
    "TP": 0
  },
  "opera": {
    "9": 0,
    "11": 0,
    "12": 0,
    "15": 0,
    "16": 0,
    "17": 0,
    "18": 0,
    "19": 0,
    "20": 0,
    "21": 0,
    "22": 0,
    "23": 0,
    "24": 0,
    "25": 0,
    "26": 0,
    "27": 0,
    "28": 0,
    "29": 0,
    "30": 0,
    "31": 0,
    "32": 0,
    "33": 0,
    "34": 0,
    "35": 0,
    "36": 0,
    "37": 0.0008574123295892995,
    "38": 0,
    "39": 0,
    "40": 0,
    "41": 0,
    "42": 0,
    "43": 0,
    "44": 0,
    "45": 0,
    "46": 0,
    "47": 0,
    "48": 0,
    "49": 0,
    "50": 0,
    "51": 0,
    "52": 0,
    "53": 0,
    "54": 0,
    "55": 0,
    "56": 0,
    "57": 0.09860241790276944,
    "58": 0.13547114807510932,
    "9.5-9.6": 0,
    "10.0-10.1": 0,
    "10.5": 0,
    "10.6": 0,
    "11.1": 0,
    "11.5": 0,
    "11.6": 0,
    "12.1": 0
  },
  "ios_saf": {
    "8": 0.009431535625482294,
    "3.2": 0,
    "4.0-4.1": 0,
    "4.2-4.3": 0,
    "5.0-5.1": 0.002572236988767898,
    "6.0-6.1": 0.0008574123295892995,
    "7.0-7.1": 0.01543342193260739,
    "8.1-8.4": 0.023150132898911085,
    "9.0-9.2": 0.011146360284660893,
    "9.3": 0.14661750835977022,
    "10.0-10.2": 0.10288947955071594,
    "10.3": 0.42784875246506043,
    "11.0-11.2": 0.29066277973077254,
    "11.3-11.4": 1.237245991597359,
    "12.0-12.1": 13.325902426476894,
    "12.2": 0.03858355483151848
  },
  "op_mini": {
    "all": 0.021435308239732487
  },
  "android": {
    "3": 0,
    "4": 0,
    "67": 0.21949755637486068,
    "2.1": 0,
    "2.2": 0,
    "2.3": 0,
    "4.1": 0,
    "4.2-4.3": 0,
    "4.4": 0,
    "4.4.3-4.4.4": 0
  },
  "bb": {
    "7": 0,
    "10": 0
  },
  "op_mob": {
    "10": 0,
    "11": 0,
    "12": 0,
    "46": 0,
    "11.1": 0,
    "11.5": 0,
    "12.1": 0
  },
  "and_chr": {
    "71": 4.262196690388407
  },
  "and_ff": {
    "64": 0.09603018091400153
  },
  "ie_mob": {
    "10": 0,
    "11": 0
  },
  "and_uc": {
    "11.8": 0
  },
  "samsung": {
    "4": 0,
    "5.0-5.4": 0,
    "6.2-6.4": 0,
    "7.2-7.4": 0,
    "8.2": 0
  },
  "and_qq": {
    "1.2": 0
  },
  "baidu": {
    "7.12": 0
  }
}