{
  "ie": {
    "6": 0.004686731083181666,
    "7": 0.0007811218471969443,
    "8": 0.007811218471969443,
    "9": 0.004686731083181666,
    "10": 0.00546785293037861,
    "11": 3.1721358214667905,
    "5.5": 0
  },
  "edge": {
    "12": 0,
    "13": 0.0015622436943938886,
    "14": 0.06483311331734637,
    "15": 0.07733106287249748,
    "16": 0.12810398294029887,
    "17": 4.329758399012662,
    "18": 0.16012997867537357
  },
  "firefox": {
    "2": 0,
    "3": 0,
    "4": 0,
    "5": 0,
    "6": 0,
    "7": 0,
    "8": 0,
    "9": 0,
    "10": 0,
    "11": 0,
    "12": 0,
    "13": 0,
    "14": 0,
    "15": 0,
    "16": 0,
    "17": 0,
    "18": 0,
    "19": 0,
    "20": 0,
    "21": 0,
    "22": 0,
    "23": 0,
    "24": 0,
    "25": 0,
    "26": 0,
    "27": 0,
    "28": 0,
    "29": 0,
    "30": 0,
    "31": 0,
    "32": 0,
    "33": 0.0015622436943938886,
    "34": 0,
    "35": 0,
    "36": 0,
    "37": 0,
    "38": 0.006248974777575554,
    "39": 0,
    "40": 0,
    "41": 0,
    "42": 0,
    "43": 0,
    "44": 0,
    "45": 0.007030096624772498,
    "46": 0,
    "47": 0.012497949555151109,
    "48": 0.09764023089961803,
    "49": 0,
    "50": 0.002343365541590833,
    "51": 0,
    "52": 0.08123667210848219,
    "53": 0.006248974777575554,
    "54": 0.0007811218471969443,
    "55": 0,
    "56": 0.0007811218471969443,
    "57": 0.01327907140234805,
    "58": 0,
    "59": 0.012497949555151109,
    "60": 0.15388100389779802,
    "61": 0.08045555026128526,
    "62": 0.08904789058045165,
    "63": 1.5864584716569936,
    "64": 2.6620632552471863,
    "65": 0.47101647385975737,
    "66": 0.01640355879113583,
    "67": 0,
    "3.5": 0,
    "3.6": 0
  },
  "chrome": {
    "4": 0,
    "5": 0,
    "6": 0,
    "7": 0,
    "8": 0,
    "9": 0,
    "10": 0,
    "11": 0,
    "12": 0,
    "13": 0,
    "14": 0,
    "15": 0,
    "16": 0,
    "17": 0,
    "18": 0,
    "19": 0,
    "20": 0,
    "21": 0,
    "22": 0,
    "23": 0,
    "24": 0,
    "25": 0,
    "26": 0,
    "27": 0.05702189484537693,
    "28": 0,
    "29": 0.0007811218471969443,
    "30": 0,
    "31": 0,
    "32": 0,
    "33": 0,
    "34": 0,
    "35": 0,
    "36": 0,
    "37": 0,
    "38": 0,
    "39": 0.002343365541590833,
    "40": 0.006248974777575554,
    "41": 0,
    "42": 0,
    "43": 0.0007811218471969443,
    "44": 0,
    "45": 0.007811218471969443,
    "46": 0.0007811218471969443,
    "47": 0,
    "48": 0.007030096624772498,
    "49": 0.3194788355035502,
    "50": 0.0007811218471969443,
    "51": 0,
    "52": 0.014060193249544996,
    "53": 0,
    "54": 0.009373462166363332,
    "55": 0.007030096624772498,
    "56": 0.014060193249544996,
    "57": 0.3382257598362769,
    "58": 0.03202599573507472,
    "59": 0.049991798220604435,
    "60": 0.019528046179923608,
    "61": 0.006248974777575554,
    "62": 0.03671272681825638,
    "63": 0.06248974777575554,
    "64": 0.03983721420704416,
    "65": 0.11170042414916304,
    "66": 0.07889330656689136,
    "67": 0.1991860710352208,
    "68": 0.22496309199271994,
    "69": 0.3421313690722616,
    "70": 14.206263034970826,
    "71": 32.7969629982581,
    "72": 4.59612094890682,
    "73": 0.01640355879113583,
    "74": 0.0039056092359847213,
    "75": 0
  },
  "safari": {
    "4": 0,
    "5": 0,
    "6": 0,
    "7": 0.010154584013560274,
    "8": 0.0015622436943938886,
    "9": 0.004686731083181666,
    "10": 0.1062325712187844,
    "11": 0.2124651424375688,
    "12": 7.626092594183767,
    "3.1": 0.0007811218471969443,
    "3.2": 0,
    "5.1": 0,
    "6.1": 0,
    "7.1": 0,
    "9.1": 0.20074831472961466,
    "10.1": 0.6655158138117966,
    "11.1": 1.3372806024011685,
    "12.1": 0,
    "TP": 0
  },
  "opera": {
    "9": 0,
    "11": 0,
    "12": 0,
    "15": 0,
    "16": 0,
    "17": 0,
    "18": 0,
    "19": 0,
    "20": 0,
    "21": 0,
    "22": 0,
    "23": 0,
    "24": 0,
    "25": 0,
    "26": 0,
    "27": 0,
    "28": 0,
    "29": 0,
    "30": 0,
    "31": 0,
    "32": 0,
    "33": 0,
    "34": 0,
    "35": 0,
    "36": 0,
    "37": 0.0007811218471969443,
    "38": 0,
    "39": 0,
    "40": 0,
    "41": 0,
    "42": 0,
    "43": 0,
    "44": 0,
    "45": 0,
    "46": 0,
    "47": 0,
    "48": 0,
    "49": 0,
    "50": 0,
    "51": 0,
    "52": 0,
    "53": 0,
    "54": 0,
    "55": 0,
    "56": 0.07342545363651276,
    "57": 0.07264433178931581,
    "9.5-9.6": 0,
    "10.0-10.1": 0,
    "10.5": 0,
    "10.6": 0,
    "11.1": 0,
    "11.5": 0,
    "11.6": 0,
    "12.1": 0
  },
  "ios_saf": {
    "8": 0.008592340319166386,
    "3.2": 0,
    "4.0-4.1": 0,
    "4.2-4.3": 0,
    "5.0-5.1": 0.007811218471969443,
    "6.0-6.1": 0.0007811218471969443,
    "7.0-7.1": 0.014841315096741942,
    "8.1-8.4": 0.050772920067801375,
    "9.0-9.2": 0.011716827707954165,
    "9.3": 0.21090289874317494,
    "10.0-10.2": 0.14763202912022247,
    "10.3": 0.7076963935604315,
    "11.0-11.2": 0.39212316729286606,
    "11.3-11.4": 2.012951000226525,
    "12.0-12.1": 13.042391482647378,
    "12.2": 0.01093570586075722
  },
  "op_mini": {
    "all": 0.014060193249544996
  },
  "android": {
    "3": 0,
    "4": 0,
    "67": 0.16637895345294915,
    "2.1": 0,
    "2.2": 0.0007811218471969443,
    "2.3": 0,
    "4.1": 0,
    "4.2-4.3": 0,
    "4.4": 0,
    "4.4.3-4.4.4": 0
  },
  "bb": {
    "7": 0,
    "10": 0
  },
  "op_mob": {
    "10": 0.002343365541590833,
    "11": 0.002343365541590833,
    "12": 0.002343365541590833,
    "46": 0.002343365541590833,
    "11.1": 0.002343365541590833,
    "11.5": 0.002343365541590833,
    "12.1": 0.002343365541590833
  },
  "and_chr": {
    "71": 4.386780293858039
  },
  "and_ff": {
    "64": 0.11951164262113247
  },
  "ie_mob": {
    "10": 0,
    "11": 0
  },
  "and_uc": {
    "11.8": 0
  },
  "samsung": {
    "4": 0,
    "5.0-5.4": 0,
    "6.2-6.4": 0,
    "7.2-7.4": 0,
    "8.2": 0
  },
  "and_qq": {
    "1.2": 0
  },
  "baidu": {
    "7.12": 0
  }
}