{
  "ie": {
    "6": 0,
    "7": 0.003372226343832198,
    "8": 0.0025291697578741484,
    "9": 0,
    "10": 0.0025291697578741484,
    "11": 2.4617252309975046,
    "5.5": 0
  },
  "edge": {
    "12": 0.0008430565859580495,
    "13": 0.003372226343832198,
    "14": 0.01686113171916099,
    "15": 0,
    "16": 0.01939030147703514,
    "17": 0.358299049032171,
    "18": 2.8023200917245568,
    "76": 0
  },
  "firefox": {
    "2": 0,
    "3": 0,
    "4": 0,
    "5": 0,
    "6": 0,
    "7": 0,
    "8": 0,
    "9": 0,
    "10": 0,
    "11": 0,
    "12": 0,
    "13": 0,
    "14": 0,
    "15": 0,
    "16": 0,
    "17": 0,
    "18": 0,
    "19": 0,
    "20": 0,
    "21": 0,
    "22": 0,
    "23": 0,
    "24": 0,
    "25": 0,
    "26": 0,
    "27": 0,
    "28": 0,
    "29": 0,
    "30": 0,
    "31": 0,
    "32": 0,
    "33": 0,
    "34": 0,
    "35": 0,
    "36": 0,
    "37": 0,
    "38": 0,
    "39": 0,
    "40": 0,
    "41": 0,
    "42": 0,
    "43": 0.001686113171916099,
    "44": 0,
    "45": 0,
    "46": 0,
    "47": 0,
    "48": 0.04468199905577662,
    "49": 0,
    "50": 0,
    "51": 0,
    "52": 0.01601807513320294,
    "53": 0,
    "54": 0.0008430565859580495,
    "55": 0,
    "56": 0.013488905375328791,
    "57": 0.001686113171916099,
    "58": 0,
    "59": 0,
    "60": 0.0902070546975113,
    "61": 0,
    "62": 0.001686113171916099,
    "63": 0.053955621501315165,
    "64": 0.005901396101706346,
    "65": 0.0008430565859580495,
    "66": 0.009273622445538544,
    "67": 0.024448640992783433,
    "68": 0.2520739192014568,
    "69": 3.0265731435893977,
    "70": 1.6119241923517906,
    "71": 0.1382612800971201,
    "72": 0,
    "3.5": 0,
    "3.6": 0
  },
  "chrome": {
    "4": 0,
    "5": 0,
    "6": 0,
    "7": 0,
    "8": 0,
    "9": 0,
    "10": 0,
    "11": 0,
    "12": 0,
    "13": 0,
    "14": 0,
    "15": 0,
    "16": 0,
    "17": 0.0008430565859580495,
    "18": 0,
    "19": 0,
    "20": 0,
    "21": 0,
    "22": 0,
    "23": 0,
    "24": 0,
    "25": 0,
    "26": 0,
    "27": 0.03203615026640588,
    "28": 0,
    "29": 0,
    "30": 0,
    "31": 0,
    "32": 0,
    "33": 0,
    "34": 0,
    "35": 0,
    "36": 0.006744452687664396,
    "37": 0,
    "38": 0,
    "39": 0,
    "40": 0.0008430565859580495,
    "41": 0.001686113171916099,
    "42": 0,
    "43": 0,
    "44": 0,
    "45": 0.026134754164699535,
    "46": 0.0008430565859580495,
    "47": 0,
    "48": 0,
    "49": 0.1332029405813718,
    "50": 0,
    "51": 0,
    "52": 0,
    "53": 0.0008430565859580495,
    "54": 0,
    "55": 0.007587509273622445,
    "56": 0.001686113171916099,
    "57": 0.2335266743103797,
    "58": 0.0008430565859580495,
    "59": 0.012645848789370742,
    "60": 0.02191947123490929,
    "61": 0.003372226343832198,
    "62": 0,
    "63": 0.02866392392257368,
    "64": 0.010959735617454645,
    "65": 0.07081675322047616,
    "66": 0.01939030147703514,
    "67": 0.056484791259189315,
    "68": 0.07587509273622446,
    "69": 0.012645848789370742,
    "70": 0.03793754636811223,
    "71": 0.0767181493221825,
    "72": 0.06322924394685371,
    "73": 0.06575841370472786,
    "74": 0.19137384501247723,
    "75": 0.39792270857219936,
    "76": 9.98853443043097,
    "77": 24.201625413097727,
    "78": 17.92085384771026,
    "79": 0.4518783300735145,
    "80": 0.022762527820867337,
    "81": 0
  },
  "safari": {
    "4": 0,
    "5": 0,
    "6": 0,
    "7": 0,
    "8": 0.01517501854724489,
    "9": 0.0008430565859580495,
    "10": 0.021076414648951235,
    "11": 0.05985701760302151,
    "12": 0.4021379915019896,
    "13": 4.370405341606529,
    "3.1": 0,
    "3.2": 0,
    "5.1": 0,
    "6.1": 0,
    "7.1": 0,
    "9.1": 0.021076414648951235,
    "10.1": 0.4628380656909692,
    "11.1": 0.5884534969987185,
    "12.1": 2.4541377217238822,
    "TP": 0
  },
  "opera": {
    "9": 0,
    "11": 0,
    "12": 0,
    "15": 0,
    "16": 0,
    "17": 0,
    "18": 0,
    "19": 0,
    "20": 0,
    "21": 0,
    "22": 0,
    "23": 0,
    "24": 0,
    "25": 0,
    "26": 0,
    "27": 0,
    "28": 0,
    "29": 0,
    "30": 0,
    "31": 0,
    "32": 0,
    "33": 0,
    "34": 0,
    "35": 0,
    "36": 0,
    "37": 0,
    "38": 0,
    "39": 0,
    "40": 0,
    "41": 0,
    "42": 0,
    "43": 0,
    "44": 0,
    "45": 0,
    "46": 0,
    "47": 0,
    "48": 0,
    "49": 0,
    "50": 0,
    "51": 0,
    "52": 0,
    "53": 0.004215282929790247,
    "54": 0,
    "55": 0,
    "56": 0,
    "57": 0,
    "58": 0.0008430565859580495,
    "60": 0,
    "62": 0.01517501854724489,
    "63": 0.08514871518176301,
    "64": 0.03203615026640588,
    "9.5-9.6": 0,
    "10.0-10.1": 0,
    "10.5": 0,
    "10.6": 0,
    "11.1": 0,
    "11.5": 0,
    "11.6": 0,
    "12.1": 0
  },
  "ios_saf": {
    "8": 0,
    "3.2": 0,
    "4.0-4.1": 0,
    "4.2-4.3": 0,
    "5.0-5.1": 0,
    "6.0-6.1": 0,
    "7.0-7.1": 0,
    "8.1-8.4": 0.007587509273622445,
    "9.0-9.2": 0.007587509273622445,
    "9.3": 0.05564173467323127,
    "10.0-10.2": 0.053955621501315165,
    "10.3": 0.18800161866864504,
    "11.0-11.2": 0.14163350644095232,
    "11.3-11.4": 0.3970796519862413,
    "12.0-12.1": 1.751871585620827,
    "12.2-12.4": 7.894381870911175,
    "13.0-13.1": 5.618129088824442,
    "13.2": 0.5707493086935995,
    "13.3": 0.005058339515748297
  },
  "op_mini": {
    "all": 0.03203615026640588
  },
  "android": {
    "3": 0,
    "4": 0,
    "76": 0.25797531530316314,
    "2.1": 0,
    "2.2": 0,
    "2.3": 0,
    "4.1": 0,
    "4.2-4.3": 0,
    "4.4": 0,
    "4.4.3-4.4.4": 0
  },
  "bb": {
    "7": 0,
    "10": 0
  },
  "op_mob": {
    "10": 0.011802792203412692,
    "11": 0.011802792203412692,
    "12": 0.011802792203412692,
    "46": 0.011802792203412692,
    "11.1": 0.011802792203412692,
    "11.5": 0.011802792203412692,
    "12.1": 0.011802792203412692
  },
  "and_chr": {
    "78": 7.53776893505092
  },
  "and_ff": {
    "68": 0.15090712888649085
  },
  "ie_mob": {
    "10": 0,
    "11": 0
  },
  "and_uc": {
    "12.12": 0
  },
  "samsung": {
    "4": 0,
    "5.0-5.4": 0,
    "6.2-6.4": 0,
    "7.2-7.4": 0,
    "8.2": 0,
    "9.2": 0,
    "10.1": 0
  },
  "and_qq": {
    "1.2": 0
  },
  "baidu": {
    "7.12": 0
  },
  "kaios": {
    "2.5": 0
  }
}