{
  "ie": {
    "6": 0,
    "7": 0.017841667941071518,
    "8": 0.0016992064705782398,
    "9": 0,
    "10": 0,
    "11": 2.9625664814531616,
    "5.5": 0
  },
  "edge": {
    "12": 0,
    "13": 0.00764642911760208,
    "14": 0.03058571647040832,
    "15": 0.0084960323528912,
    "16": 0.07986270411717727,
    "17": 1.5930060661671,
    "18": 1.5360826494027289,
    "76": 0
  },
  "firefox": {
    "2": 0,
    "3": 0,
    "4": 0,
    "5": 0,
    "6": 0,
    "7": 0,
    "8": 0,
    "9": 0,
    "10": 0,
    "11": 0,
    "12": 0,
    "13": 0,
    "14": 0,
    "15": 0,
    "16": 0,
    "17": 0,
    "18": 0,
    "19": 0,
    "20": 0,
    "21": 0,
    "22": 0,
    "23": 0,
    "24": 0,
    "25": 0,
    "26": 0,
    "27": 0,
    "28": 0,
    "29": 0,
    "30": 0,
    "31": 0,
    "32": 0,
    "33": 0,
    "34": 0,
    "35": 0,
    "36": 0,
    "37": 0,
    "38": 0.0008496032352891199,
    "39": 0.0042480161764456,
    "40": 0,
    "41": 0,
    "42": 0,
    "43": 0,
    "44": 0,
    "45": 0,
    "46": 0,
    "47": 0,
    "48": 0.00934563558818032,
    "49": 0,
    "50": 0.006796825882312959,
    "51": 0,
    "52": 0.09770437205824879,
    "53": 0,
    "54": 0,
    "55": 0,
    "56": 0.0008496032352891199,
    "57": 0.01189444529404768,
    "58": 0,
    "59": 0.006796825882312959,
    "60": 0.20815279264583436,
    "61": 0.024638493823384476,
    "62": 0.0008496032352891199,
    "63": 0.042480161764456,
    "64": 0.01189444529404768,
    "65": 0.03908174882329952,
    "66": 1.7731219520483934,
    "67": 2.323664848515743,
    "68": 0.452838524409101,
    "69": 0,
    "70": 0,
    "3.5": 0,
    "3.6": 0
  },
  "chrome": {
    "4": 0,
    "5": 0,
    "6": 0,
    "7": 0,
    "8": 0,
    "9": 0,
    "10": 0,
    "11": 0,
    "12": 0,
    "13": 0,
    "14": 0,
    "15": 0,
    "16": 0,
    "17": 0,
    "18": 0,
    "19": 0,
    "20": 0,
    "21": 0,
    "22": 0,
    "23": 0,
    "24": 0,
    "25": 0,
    "26": 0,
    "27": 0.057773019999660155,
    "28": 0,
    "29": 0,
    "30": 0,
    "31": 0,
    "32": 0,
    "33": 0,
    "34": 0,
    "35": 0,
    "36": 0,
    "37": 0,
    "38": 0,
    "39": 0,
    "40": 0.0025488097058673598,
    "41": 0.0016992064705782398,
    "42": 0,
    "43": 0.0008496032352891199,
    "44": 0,
    "45": 0.036532939117432155,
    "46": 0,
    "47": 0,
    "48": 0,
    "49": 0.3177516099981309,
    "50": 0,
    "51": 0,
    "52": 0,
    "53": 0,
    "54": 0,
    "55": 0.017841667941071518,
    "56": 0.00764642911760208,
    "57": 0.4018623302917537,
    "58": 0.0042480161764456,
    "59": 0.02208968411751712,
    "60": 0.022939287352806238,
    "61": 0.0025488097058673598,
    "62": 0.012744048529336801,
    "63": 0.03143531970569744,
    "64": 0.03908174882329952,
    "65": 0.04757778117619072,
    "66": 0.027187303529251836,
    "67": 0.15122937588146335,
    "68": 0.08326111705833376,
    "69": 0.03993135205858864,
    "70": 0.04842738441147984,
    "71": 0.19285993441063023,
    "72": 0.24213692205739917,
    "73": 6.303206402609981,
    "74": 22.499192876926475,
    "75": 15.556235238143787,
    "76": 1.9940187932235645,
    "77": 0.37722383646836927,
    "78": 0
  },
  "safari": {
    "4": 0,
    "5": 0,
    "6": 0,
    "7": 0,
    "8": 0.013593651764625918,
    "9": 0.0033984129411564795,
    "10": 0.07306587823486431,
    "11": 0.11639564323460944,
    "12": 1.1427163514638663,
    "13": 0,
    "3.1": 0,
    "3.2": 0,
    "5.1": 0,
    "6.1": 0,
    "7.1": 0,
    "9.1": 0.11044842058758561,
    "10.1": 0.4349968564680294,
    "11.1": 0.6762841752901395,
    "12.1": 5.2598936296749415,
    "TP": 0
  },
  "opera": {
    "9": 0,
    "11": 0,
    "12": 0,
    "15": 0,
    "16": 0,
    "17": 0,
    "18": 0,
    "19": 0,
    "20": 0,
    "21": 0,
    "22": 0,
    "23": 0,
    "24": 0,
    "25": 0,
    "26": 0,
    "27": 0,
    "28": 0,
    "29": 0,
    "30": 0,
    "31": 0,
    "32": 0,
    "33": 0,
    "34": 0,
    "35": 0,
    "36": 0,
    "37": 0,
    "38": 0,
    "39": 0,
    "40": 0,
    "41": 0,
    "42": 0,
    "43": 0,
    "44": 0,
    "45": 0.0008496032352891199,
    "46": 0,
    "47": 0,
    "48": 0,
    "49": 0,
    "50": 0,
    "51": 0,
    "52": 0,
    "53": 0,
    "54": 0,
    "55": 0,
    "56": 0,
    "57": 0,
    "58": 0.034833732646853924,
    "60": 0.11129802382287472,
    "62": 0.027187303529251836,
    "9.5-9.6": 0,
    "10.0-10.1": 0,
    "10.5": 0,
    "10.6": 0,
    "11.1": 0,
    "11.5": 0,
    "11.6": 0,
    "12.1": 0.0033984129411564795
  },
  "ios_saf": {
    "8": 0.0033984129411564795,
    "13": 0.0033984129411564795,
    "3.2": 0,
    "4.0-4.1": 0,
    "4.2-4.3": 0,
    "5.0-5.1": 0.0008496032352891199,
    "6.0-6.1": 0.0008496032352891199,
    "7.0-7.1": 0.0084960323528912,
    "8.1-8.4": 0.03313452617627568,
    "9.0-9.2": 0.03228492294098656,
    "9.3": 0.375524629997791,
    "10.0-10.2": 0.11979405617576593,
    "10.3": 0.6941258432312111,
    "11.0-11.2": 0.30415795823350494,
    "11.3-11.4": 1.2990433467570646,
    "12.0-12.1": 3.9090244855652414,
    "12.2-12.3": 16.77796469048954
  },
  "op_mini": {
    "all": 0.03993135205858864
  },
  "android": {
    "3": 0,
    "4": 0,
    "67": 0.4630337632325704,
    "2.1": 0,
    "2.2": 0,
    "2.3": 0,
    "4.1": 0,
    "4.2-4.3": 0,
    "4.4": 0,
    "4.4.3-4.4.4": 0
  },
  "bb": {
    "7": 0,
    "10": 0
  },
  "op_mob": {
    "10": 0,
    "11": 0,
    "12": 0,
    "46": 0,
    "11.1": 0,
    "11.5": 0,
    "12.1": 0
  },
  "and_chr": {
    "75": 5.971011537611935
  },
  "and_ff": {
    "67": 0.14358294676386127
  },
  "ie_mob": {
    "10": 0,
    "11": 0
  },
  "and_uc": {
    "11.8": 0
  },
  "samsung": {
    "4": 0,
    "5.0-5.4": 0,
    "6.2-6.4": 0,
    "7.2-7.4": 0,
    "8.2": 0,
    "9.2": 0
  },
  "and_qq": {
    "1.2": 0
  },
  "baidu": {
    "7.12": 0
  },
  "kaios": {
    "2.5": 0
  }
}