{
  "ie": {
    "6": 0.002483053162168202,
    "7": 0.013656792391925111,
    "8": 0.02234747845951382,
    "9": 0.06952548854070965,
    "10": 0.027313584783850223,
    "11": 4.877957937079433,
    "5.5": 0
  },
  "edge": {
    "12": 0,
    "13": 0.07945770118938246,
    "14": 0.15643234921659674,
    "15": 0.5264072703796588,
    "16": 4.470737218483848,
    "17": 0,
    "18": 0
  },
  "firefox": {
    "2": 0,
    "3": 0.001241526581084101,
    "4": 0,
    "5": 0,
    "6": 0,
    "7": 0,
    "8": 0,
    "9": 0,
    "10": 0,
    "11": 0,
    "12": 0,
    "13": 0,
    "14": 0,
    "15": 0,
    "16": 0,
    "17": 0,
    "18": 0,
    "19": 0,
    "20": 0,
    "21": 0,
    "22": 0,
    "23": 0,
    "24": 0.007449159486504606,
    "25": 0,
    "26": 0.01117373922975691,
    "27": 0,
    "28": 0,
    "29": 0,
    "30": 0,
    "31": 0,
    "32": 0,
    "33": 0,
    "34": 0,
    "35": 0,
    "36": 0,
    "37": 0.002483053162168202,
    "38": 0.0062076329054205045,
    "39": 0.01117373922975691,
    "40": 0,
    "41": 0.002483053162168202,
    "42": 0,
    "43": 0.002483053162168202,
    "44": 0,
    "45": 0.028555111364934323,
    "46": 0.001241526581084101,
    "47": 0.04469495691902764,
    "48": 0.15270776947334444,
    "49": 0.004966106324336404,
    "50": 0.032279691108186626,
    "51": 0.008690686067588707,
    "52": 0.3600427085143893,
    "53": 0.002483053162168202,
    "54": 0.003724579743252303,
    "55": 0.03848732401360713,
    "56": 0.054627169567700445,
    "57": 2.2459215851811387,
    "58": 3.0628460755344773,
    "59": 1.167034986219055,
    "60": 0.004966106324336404,
    "61": 0,
    "62": 0,
    "63": 0,
    "3.5": 0,
    "3.6": 0
  },
  "chrome": {
    "4": 0,
    "5": 0,
    "6": 0,
    "7": 0,
    "8": 0,
    "9": 0,
    "10": 0,
    "11": 0,
    "12": 0,
    "13": 0,
    "14": 0,
    "15": 0,
    "16": 0,
    "17": 0,
    "18": 0,
    "19": 0,
    "20": 0,
    "21": 0.008690686067588707,
    "22": 0,
    "23": 0,
    "24": 0,
    "25": 0,
    "26": 0,
    "27": 0.03600427085143893,
    "28": 0,
    "29": 0,
    "30": 0,
    "31": 0,
    "32": 0,
    "33": 0,
    "34": 0.003724579743252303,
    "35": 0,
    "36": 0,
    "37": 0,
    "38": 0.0062076329054205045,
    "39": 0,
    "40": 0.003724579743252303,
    "41": 0.003724579743252303,
    "42": 0,
    "43": 0.002483053162168202,
    "44": 0,
    "45": 0.014898318973009212,
    "46": 0,
    "47": 0.001241526581084101,
    "48": 0.007449159486504606,
    "49": 0.5785513867851911,
    "50": 0.001241526581084101,
    "51": 0.01117373922975691,
    "52": 0.09063144041913937,
    "53": 0,
    "54": 0.018622898716261514,
    "55": 0.04841953666227994,
    "56": 0.06207632905420505,
    "57": 0.29920790604126835,
    "58": 0.05338564298661635,
    "59": 0.08318228093263477,
    "60": 0.16512303528418543,
    "61": 0.22719936433839047,
    "62": 0.6679413006232464,
    "63": 19.516797854642068,
    "64": 13.379931964343356,
    "65": 7.189680431058029,
    "66": 0.05338564298661635,
    "67": 0.013656792391925111,
    "68": 0,
    "69": 0,
    "70": 0
  },
  "safari": {
    "4": 0,
    "5": 0.0062076329054205045,
    "6": 0.014898318973009212,
    "7": 0.01117373922975691,
    "8": 0.07945770118938246,
    "9": 0.18250440741936286,
    "10": 0.26816974151416584,
    "11": 9.223300970873787,
    "12": 0,
    "3.1": 0,
    "3.2": 0,
    "5.1": 0.02234747845951382,
    "6.1": 0.012415265810841009,
    "7.1": 0.0062076329054205045,
    "9.1": 0.7486405283937129,
    "10.1": 1.6052938693417427,
    "11.1": 0.2396146301492315,
    "TP": 0
  },
  "opera": {
    "9": 0,
    "11": 0,
    "12": 0,
    "15": 0,
    "16": 0,
    "17": 0,
    "18": 0,
    "19": 0,
    "20": 0,
    "21": 0,
    "22": 0,
    "23": 0,
    "24": 0,
    "25": 0,
    "26": 0,
    "27": 0,
    "28": 0,
    "29": 0,
    "30": 0,
    "31": 0,
    "32": 0,
    "33": 0,
    "34": 0,
    "35": 0,
    "36": 0,
    "37": 0,
    "38": 0,
    "39": 0,
    "40": 0,
    "41": 0,
    "42": 0,
    "43": 0,
    "44": 0,
    "45": 0,
    "46": 0,
    "47": 0,
    "48": 0,
    "49": 0.08069922777046656,
    "50": 0.08938991383805528,
    "51": 0.07945770118938246,
    "52": 0,
    "53": 0,
    "9.5-9.6": 0,
    "10.0-10.1": 0,
    "10.5": 0,
    "10.6": 0,
    "11.1": 0,
    "11.5": 0,
    "11.6": 0,
    "12.1": 0
  },
  "ios_saf": {
    "8": 0.008690686067588707,
    "12": 0,
    "3.2": 0,
    "4.0-4.1": 0,
    "4.2-4.3": 0,
    "5.0-5.1": 0.001241526581084101,
    "6.0-6.1": 0.0062076329054205045,
    "7.0-7.1": 0.032279691108186626,
    "8.1-8.4": 0.09559754674347577,
    "9.0-9.2": 0.049661063243364036,
    "9.3": 1.00811958384029,
    "10.0-10.2": 0.6915303056638442,
    "10.3": 2.1751545700593446,
    "11.0-11.2": 15.27946763340203,
    "11.3-11.4": 0.2309239440816428
  },
  "op_mini": {
    "all": 0.03848732401360713
  },
  "android": {
    "3": 0,
    "4": 0.019864425297345615,
    "67": 0.2718943212574181,
    "2.1": 0,
    "2.2": 0,
    "2.3": 0.004966106324336404,
    "4.1": 0.003724579743252303,
    "4.2-4.3": 0.001241526581084101,
    "4.4": 0.007449159486504606,
    "4.4.3-4.4.4": 0
  },
  "bb": {
    "7": 0,
    "10": 0
  },
  "op_mob": {
    "10": 0.003724579743252303,
    "11": 0.003724579743252303,
    "12": 0.003724579743252303,
    "46": 0.003724579743252303,
    "11.1": 0.003724579743252303,
    "11.5": 0.003724579743252303,
    "12.1": 0.003724579743252303
  },
  "and_chr": {
    "67": 5.976708961338862
  },
  "and_ff": {
    "60": 0.14525860998683982
  },
  "ie_mob": {
    "10": 0,
    "11": 0
  },
  "and_uc": {
    "11.8": 0
  },
  "samsung": {
    "4": 0,
    "5": 0,
    "6.2": 0,
    "7.2": 0
  },
  "and_qq": {
    "1.2": 0
  },
  "baidu": {
    "7.12": 0
  }
}
