{
  "ie": {
    "6": 0.003822805327461505,
    "7": 0.0007645610654923009,
    "8": 0.005351927458446106,
    "9": 0.0030582442619692036,
    "10": 0.005351927458446106,
    "11": 3.1247610746670333,
    "5.5": 0
  },
  "edge": {
    "12": 0,
    "13": 0.0030582442619692036,
    "14": 0.05887120204290717,
    "15": 0.07339786228726088,
    "16": 0.12538801474073735,
    "17": 4.121748704068994,
    "18": 0.20413780448644434
  },
  "firefox": {
    "2": 0,
    "3": 0,
    "4": 0,
    "5": 0,
    "6": 0,
    "7": 0,
    "8": 0,
    "9": 0,
    "10": 0,
    "11": 0,
    "12": 0,
    "13": 0,
    "14": 0,
    "15": 0,
    "16": 0,
    "17": 0,
    "18": 0,
    "19": 0,
    "20": 0,
    "21": 0,
    "22": 0,
    "23": 0,
    "24": 0,
    "25": 0,
    "26": 0,
    "27": 0,
    "28": 0,
    "29": 0,
    "30": 0,
    "31": 0,
    "32": 0,
    "33": 0.0015291221309846018,
    "34": 0,
    "35": 0,
    "36": 0,
    "37": 0,
    "38": 0.006116488523938407,
    "39": 0,
    "40": 0,
    "41": 0,
    "42": 0,
    "43": 0,
    "44": 0,
    "45": 0.01605578237533832,
    "46": 0,
    "47": 0.005351927458446106,
    "48": 0.09633469425202991,
    "49": 0,
    "50": 0.0022936831964769024,
    "51": 0,
    "52": 0.0841017172041531,
    "53": 0.0015291221309846018,
    "54": 0.0022936831964769024,
    "55": 0,
    "56": 0.0007645610654923009,
    "57": 0.012997538113369116,
    "58": 0,
    "59": 0.00764561065492301,
    "60": 0.14603116350902948,
    "61": 0.05504839671544566,
    "62": 0.07798522868021468,
    "63": 1.0765019802131597,
    "64": 2.6469104087343456,
    "65": 0.8914782023640229,
    "66": 0.01605578237533832,
    "67": 0.0015291221309846018,
    "3.5": 0,
    "3.6": 0
  },
  "chrome": {
    "4": 0,
    "5": 0,
    "6": 0,
    "7": 0,
    "8": 0,
    "9": 0,
    "10": 0,
    "11": 0,
    "12": 0,
    "13": 0,
    "14": 0,
    "15": 0,
    "16": 0,
    "17": 0,
    "18": 0,
    "19": 0,
    "20": 0,
    "21": 0,
    "22": 0,
    "23": 0,
    "24": 0,
    "25": 0,
    "26": 0,
    "27": 0.05581295778093796,
    "28": 0,
    "29": 0.0007645610654923009,
    "30": 0,
    "31": 0.0007645610654923009,
    "32": 0,
    "33": 0,
    "34": 0,
    "35": 0,
    "36": 0,
    "37": 0,
    "38": 0,
    "39": 0.0022936831964769024,
    "40": 0.006116488523938407,
    "41": 0,
    "42": 0,
    "43": 0.0007645610654923009,
    "44": 0.0007645610654923009,
    "45": 0.005351927458446106,
    "46": 0.0007645610654923009,
    "47": 0,
    "48": 0.0022936831964769024,
    "49": 0.29741425447650505,
    "50": 0.0007645610654923009,
    "51": 0,
    "52": 0.012232977047876814,
    "53": 0,
    "54": 0.00917473278590761,
    "55": 0.00764561065492301,
    "56": 0.013762099178861415,
    "57": 0.32111564750676636,
    "58": 0.03440524794715354,
    "59": 0.04893190819150726,
    "60": 0.022172270899276727,
    "61": 0.01529122130984602,
    "62": 0.03440524794715354,
    "63": 0.06269400737036868,
    "64": 0.03899261434010734,
    "65": 0.12538801474073735,
    "66": 0.07186874015627628,
    "67": 0.1842592167836445,
    "68": 0.19572763276602903,
    "69": 0.25689251800541313,
    "70": 9.900301237059804,
    "71": 32.53513158095937,
    "72": 9.509610532593237,
    "73": 0.023701393030261326,
    "74": 0.003822805327461505,
    "75": 0
  },
  "safari": {
    "4": 0,
    "5": 0,
    "6": 0,
    "7": 0.00993929385139991,
    "8": 0.0022936831964769024,
    "9": 0.006116488523938407,
    "10": 0.12080064834778355,
    "11": 0.20872517087939815,
    "12": 7.623438384023731,
    "3.1": 0.0007645610654923009,
    "3.2": 0,
    "5.1": 0,
    "6.1": 0,
    "7.1": 0,
    "9.1": 0.1758490450632292,
    "10.1": 0.6835175925501169,
    "11.1": 1.3081639830573266,
    "12.1": 0.0007645610654923009,
    "TP": 0
  },
  "opera": {
    "9": 0,
    "11": 0,
    "12": 0,
    "15": 0,
    "16": 0,
    "17": 0,
    "18": 0,
    "19": 0,
    "20": 0,
    "21": 0,
    "22": 0,
    "23": 0,
    "24": 0,
    "25": 0,
    "26": 0,
    "27": 0,
    "28": 0,
    "29": 0,
    "30": 0,
    "31": 0,
    "32": 0,
    "33": 0,
    "34": 0,
    "35": 0,
    "36": 0,
    "37": 0.0007645610654923009,
    "38": 0,
    "39": 0,
    "40": 0,
    "41": 0,
    "42": 0,
    "43": 0,
    "44": 0,
    "45": 0,
    "46": 0,
    "47": 0,
    "48": 0,
    "49": 0,
    "50": 0,
    "51": 0,
    "52": 0,
    "53": 0,
    "54": 0,
    "55": 0,
    "56": 0.058106640977414865,
    "57": 0.07186874015627628,
    "9.5-9.6": 0,
    "10.0-10.1": 0,
    "10.5": 0,
    "10.6": 0,
    "11.1": 0,
    "11.5": 0,
    "11.6": 0,
    "12.1": 0
  },
  "ios_saf": {
    "8": 0.00841017172041531,
    "3.2": 0,
    "4.0-4.1": 0,
    "4.2-4.3": 0,
    "5.0-5.1": 0.004587366392953805,
    "6.0-6.1": 0.0007645610654923009,
    "7.0-7.1": 0.021407709833784424,
    "8.1-8.4": 0.04510910286404575,
    "9.0-9.2": 0.012232977047876814,
    "9.3": 0.1834946557181522,
    "10.0-10.2": 0.13991467498509105,
    "10.3": 0.6437604171445174,
    "11.0-11.2": 0.36316650610884293,
    "11.3-11.4": 1.8815847821765523,
    "12.0-12.1": 13.399697233818063,
    "12.2": 0.012232977047876814
  },
  "op_mini": {
    "all": 0.012997538113369116
  },
  "android": {
    "3": 0,
    "4": 0,
    "67": 0.19802131596250594,
    "2.1": 0,
    "2.2": 0,
    "2.3": 0,
    "4.1": 0,
    "4.2-4.3": 0,
    "4.4": 0,
    "4.4.3-4.4.4": 0
  },
  "bb": {
    "7": 0,
    "10": 0
  },
  "op_mob": {
    "10": 0.0015291221309846018,
    "11": 0.0015291221309846018,
    "12": 0.0015291221309846018,
    "46": 0.0015291221309846018,
    "11.1": 0.0015291221309846018,
    "11.5": 0.0015291221309846018,
    "12.1": 0.0015291221309846018
  },
  "and_chr": {
    "71": 4.494854504029236
  },
  "and_ff": {
    "64": 0.12003608728229125
  },
  "ie_mob": {
    "10": 0,
    "11": 0
  },
  "and_uc": {
    "11.8": 0
  },
  "samsung": {
    "4": 0,
    "5.0-5.4": 0,
    "6.2-6.4": 0,
    "7.2-7.4": 0,
    "8.2": 0
  },
  "and_qq": {
    "1.2": 0
  },
  "baidu": {
    "7.12": 0
  }
}