{
  "ie": {
    "6": 0.0008159535232873137,
    "7": 0,
    "8": 0.0008159535232873137,
    "9": 0.0008159535232873137,
    "10": 0.009791442279447763,
    "11": 3.044322595384967,
    "5.5": 0
  },
  "edge": {
    "12": 0,
    "13": 0.004895721139723881,
    "14": 0.04242958321094031,
    "15": 0.04650935082737687,
    "16": 0.1264727961095336,
    "17": 3.6375208068148437,
    "18": 0.5230262084271681
  },
  "firefox": {
    "2": 0,
    "3": 0,
    "4": 0,
    "5": 0,
    "6": 0,
    "7": 0,
    "8": 0,
    "9": 0,
    "10": 0,
    "11": 0,
    "12": 0,
    "13": 0,
    "14": 0,
    "15": 0,
    "16": 0,
    "17": 0,
    "18": 0,
    "19": 0,
    "20": 0,
    "21": 0,
    "22": 0,
    "23": 0,
    "24": 0,
    "25": 0,
    "26": 0,
    "27": 0,
    "28": 0,
    "29": 0,
    "30": 0,
    "31": 0,
    "32": 0,
    "33": 0,
    "34": 0,
    "35": 0,
    "36": 0,
    "37": 0,
    "38": 0,
    "39": 0,
    "40": 0,
    "41": 0,
    "42": 0,
    "43": 0,
    "44": 0,
    "45": 0.01387120989588433,
    "46": 0,
    "47": 0.0024478605698619407,
    "48": 0.05466888606025001,
    "49": 0,
    "50": 0.0024478605698619407,
    "51": 0,
    "52": 0.07669963118900748,
    "53": 0,
    "54": 0.0032638140931492547,
    "55": 0,
    "56": 0.0008159535232873137,
    "57": 0.0024478605698619407,
    "58": 0,
    "59": 0.0016319070465746273,
    "60": 0.1256568425862463,
    "61": 0.04242958321094031,
    "62": 0.01142334932602239,
    "63": 0.10933777212050003,
    "64": 2.176148046607265,
    "65": 1.7934658441855151,
    "66": 0.11668135383008583,
    "67": 0.0016319070465746273,
    "68": 0,
    "3.5": 0,
    "3.6": 0
  },
  "chrome": {
    "4": 0,
    "5": 0,
    "6": 0,
    "7": 0,
    "8": 0,
    "9": 0,
    "10": 0,
    "11": 0,
    "12": 0,
    "13": 0,
    "14": 0,
    "15": 0,
    "16": 0,
    "17": 0,
    "18": 0,
    "19": 0,
    "20": 0,
    "21": 0,
    "22": 0,
    "23": 0,
    "24": 0,
    "25": 0,
    "26": 0,
    "27": 0.06282842129312315,
    "28": 0,
    "29": 0.0008159535232873137,
    "30": 0.0008159535232873137,
    "31": 0.0008159535232873137,
    "32": 0,
    "33": 0,
    "34": 0,
    "35": 0,
    "36": 0,
    "37": 0,
    "38": 0,
    "39": 0.0024478605698619407,
    "40": 0.0008159535232873137,
    "41": 0,
    "42": 0,
    "43": 0.0008159535232873137,
    "44": 0.0016319070465746273,
    "45": 0,
    "46": 0,
    "47": 0,
    "48": 0.0024478605698619407,
    "49": 0.2358105682300336,
    "50": 0.0008159535232873137,
    "51": 0,
    "52": 0.0016319070465746273,
    "53": 0,
    "54": 0.0008159535232873137,
    "55": 0.0073435817095858225,
    "56": 0.006527628186298509,
    "57": 0.288847547243709,
    "58": 0.030190280361630604,
    "59": 0.0481412578739515,
    "60": 0.024478605698619406,
    "61": 0.017135023989033587,
    "62": 0.03916576911779105,
    "63": 0.09220274813146644,
    "64": 0.017950977512320897,
    "65": 0.15829498351773882,
    "66": 0.07017200300270895,
    "67": 0.19419693854238063,
    "68": 0.19338098501909332,
    "69": 0.17869382159992167,
    "70": 0.9293710630242501,
    "71": 27.99210156989458,
    "72": 23.51741244818695,
    "73": 2.3613694963934853,
    "74": 0.005711674663011195,
    "75": 0.0008159535232873137,
    "76": 0
  },
  "safari": {
    "4": 0,
    "5": 0,
    "6": 0,
    "7": 0.010607395802735077,
    "8": 0.0024478605698619407,
    "9": 0.0073435817095858225,
    "10": 0.09301870165475375,
    "11": 0.22030745128757465,
    "12": 7.289728777048859,
    "3.1": 0.0008159535232873137,
    "3.2": 0,
    "5.1": 0,
    "6.1": 0,
    "7.1": 0,
    "9.1": 0.16727047227389927,
    "10.1": 0.632363980547668,
    "11.1": 1.340611638761056,
    "12.1": 0.03182218740820523,
    "TP": 0
  },
  "opera": {
    "9": 0,
    "11": 0,
    "12": 0,
    "15": 0,
    "16": 0,
    "17": 0,
    "18": 0,
    "19": 0,
    "20": 0,
    "21": 0,
    "22": 0,
    "23": 0,
    "24": 0,
    "25": 0,
    "26": 0,
    "27": 0,
    "28": 0,
    "29": 0,
    "30": 0,
    "31": 0,
    "32": 0,
    "33": 0,
    "34": 0,
    "35": 0,
    "36": 0,
    "37": 0.0008159535232873137,
    "38": 0,
    "39": 0,
    "40": 0,
    "41": 0,
    "42": 0,
    "43": 0,
    "44": 0,
    "45": 0,
    "46": 0,
    "47": 0,
    "48": 0,
    "49": 0,
    "50": 0,
    "51": 0,
    "52": 0,
    "53": 0,
    "54": 0,
    "55": 0,
    "56": 0.008975488756160449,
    "57": 0.09465060870132837,
    "58": 0.1142334932602239,
    "9.5-9.6": 0,
    "10.0-10.1": 0,
    "10.5": 0,
    "10.6": 0,
    "11.1": 0,
    "11.5": 0,
    "11.6": 0,
    "12.1": 0
  },
  "ios_saf": {
    "8": 0.008975488756160449,
    "3.2": 0,
    "4.0-4.1": 0,
    "4.2-4.3": 0,
    "5.0-5.1": 0.0024478605698619407,
    "6.0-6.1": 0.0008159535232873137,
    "7.0-7.1": 0.014687163419171645,
    "8.1-8.4": 0.02774241979176866,
    "9.0-9.2": 0.010607395802735077,
    "9.3": 0.12484088906295897,
    "10.0-10.2": 0.08322725937530598,
    "10.3": 0.44387871666829853,
    "11.0-11.2": 0.288847547243709,
    "11.3-11.4": 1.2924703808871048,
    "12.0-12.1": 13.326152942328404,
    "12.2": 0.02529455922190672
  },
  "op_mini": {
    "all": 0.02039883808218284
  },
  "android": {
    "3": 0,
    "4": 0,
    "67": 0.21377982310127616,
    "2.1": 0,
    "2.2": 0,
    "2.3": 0,
    "4.1": 0,
    "4.2-4.3": 0,
    "4.4": 0,
    "4.4.3-4.4.4": 0
  },
  "bb": {
    "7": 0,
    "10": 0
  },
  "op_mob": {
    "10": 0,
    "11": 0,
    "12": 0,
    "46": 0,
    "11.1": 0,
    "11.5": 0,
    "12.1": 0
  },
  "and_chr": {
    "71": 4.222559483011848
  },
  "and_ff": {
    "64": 0.09465060870132837
  },
  "ie_mob": {
    "10": 0,
    "11": 0
  },
  "and_uc": {
    "11.8": 0
  },
  "samsung": {
    "4": 0,
    "5.0-5.4": 0,
    "6.2-6.4": 0,
    "7.2-7.4": 0,
    "8.2": 0
  },
  "and_qq": {
    "1.2": 0
  },
  "baidu": {
    "7.12": 0
  }
}