{
  "ie": {
    "6": 0.007072858299213341,
    "7": 0.0007858731443570378,
    "8": 0.01100222402099853,
    "9": 0.006286985154856302,
    "10": 0.005501112010499265,
    "11": 3.3132411766092718,
    "5.5": 0
  },
  "edge": {
    "12": 0,
    "13": 0.0047152388661422275,
    "14": 0.06365572469292007,
    "15": 0.0683709635590623,
    "16": 0.14853002428348017,
    "17": 4.429966914740622,
    "18": 0.10216350876641493
  },
  "firefox": {
    "2": 0,
    "3": 0,
    "4": 0,
    "5": 0,
    "6": 0,
    "7": 0,
    "8": 0,
    "9": 0,
    "10": 0,
    "11": 0,
    "12": 0,
    "13": 0,
    "14": 0,
    "15": 0,
    "16": 0,
    "17": 0,
    "18": 0,
    "19": 0,
    "20": 0,
    "21": 0,
    "22": 0,
    "23": 0,
    "24": 0,
    "25": 0,
    "26": 0,
    "27": 0,
    "28": 0,
    "29": 0,
    "30": 0,
    "31": 0,
    "32": 0,
    "33": 0.0015717462887140756,
    "34": 0,
    "35": 0,
    "36": 0,
    "37": 0,
    "38": 0.006286985154856302,
    "39": 0,
    "40": 0,
    "41": 0,
    "42": 0.0007858731443570378,
    "43": 0,
    "44": 0,
    "45": 0.007858731443570379,
    "46": 0,
    "47": 0.012573970309712605,
    "48": 0.0683709635590623,
    "49": 0,
    "50": 0.012573970309712605,
    "51": 0,
    "52": 0.0935189041784875,
    "53": 0.02671968690813929,
    "54": 0.0023576194330711137,
    "55": 0,
    "56": 0,
    "57": 0.014145716598426682,
    "58": 0,
    "59": 0.016503336031497794,
    "60": 0.15403113629397944,
    "61": 0.09116128474541639,
    "62": 0.165819233459335,
    "63": 2.3096811712653342,
    "64": 2.4456372252391017,
    "65": 0.013359843454069644,
    "66": 0.016503336031497794,
    "3.5": 0,
    "3.6": 0
  },
  "chrome": {
    "4": 0,
    "5": 0,
    "6": 0,
    "7": 0,
    "8": 0,
    "9": 0,
    "10": 0,
    "11": 0,
    "12": 0,
    "13": 0,
    "14": 0,
    "15": 0,
    "16": 0,
    "17": 0,
    "18": 0,
    "19": 0,
    "20": 0,
    "21": 0,
    "22": 0,
    "23": 0,
    "24": 0,
    "25": 0,
    "26": 0,
    "27": 0.052653500671921545,
    "28": 0,
    "29": 0.0007858731443570378,
    "30": 0,
    "31": 0,
    "32": 0,
    "33": 0,
    "34": 0,
    "35": 0.0015717462887140756,
    "36": 0,
    "37": 0.0023576194330711137,
    "38": 0,
    "39": 0.0039293657217851895,
    "40": 0.007072858299213341,
    "41": 0,
    "42": 0,
    "43": 0,
    "44": 0,
    "45": 0.007858731443570379,
    "46": 0.0007858731443570378,
    "47": 0,
    "48": 0.007072858299213341,
    "49": 0.32142211604202847,
    "50": 0,
    "51": 0.011788097165355569,
    "52": 0.017289209175854834,
    "53": 0.0007858731443570378,
    "54": 0.009430477732284455,
    "55": 0.01100222402099853,
    "56": 0.016503336031497794,
    "57": 0.34735592980581076,
    "58": 0.032220798918638556,
    "59": 0.011788097165355569,
    "60": 0.014931589742783719,
    "61": 0.007858731443570379,
    "62": 0.01964682860892595,
    "63": 0.0746579487139186,
    "64": 0.044794769228351156,
    "65": 0.09823414304462974,
    "66": 0.0974482699002727,
    "67": 0.21532924155382838,
    "68": 0.29548830227824624,
    "69": 1.2589687772599747,
    "70": 22.894842314553586,
    "71": 27.236005563981863,
    "72": 0.04086540350656597,
    "73": 0.007072858299213341,
    "74": 0
  },
  "safari": {
    "4": 0,
    "5": 0,
    "6": 0,
    "7": 0,
    "8": 0.0015717462887140756,
    "9": 0.0007858731443570378,
    "10": 0.11080811335434235,
    "11": 0.21611511469818542,
    "12": 7.2504656298380326,
    "3.1": 0,
    "3.2": 0,
    "5.1": 0,
    "6.1": 0,
    "7.1": 0,
    "9.1": 0.20196939809975872,
    "10.1": 0.6672062995591251,
    "11.1": 1.3760638757691732,
    "TP": 0
  },
  "opera": {
    "9": 0,
    "11": 0,
    "12": 0,
    "15": 0,
    "16": 0,
    "17": 0,
    "18": 0,
    "19": 0,
    "20": 0,
    "21": 0,
    "22": 0,
    "23": 0,
    "24": 0,
    "25": 0,
    "26": 0,
    "27": 0,
    "28": 0,
    "29": 0,
    "30": 0,
    "31": 0,
    "32": 0,
    "33": 0,
    "34": 0,
    "35": 0,
    "36": 0,
    "37": 0,
    "38": 0,
    "39": 0,
    "40": 0,
    "41": 0,
    "42": 0,
    "43": 0,
    "44": 0,
    "45": 0,
    "46": 0,
    "47": 0,
    "48": 0,
    "49": 0,
    "50": 0,
    "51": 0,
    "52": 0,
    "53": 0,
    "54": 0,
    "55": 0,
    "56": 0.0974482699002727,
    "57": 0.06129810525984895,
    "9.5-9.6": 0,
    "10.0-10.1": 0,
    "10.5": 0,
    "10.6": 0,
    "11.1": 0,
    "11.5": 0,
    "11.6": 0,
    "12.1": 0
  },
  "ios_saf": {
    "8": 0.008644604587927417,
    "3.2": 0,
    "4.0-4.1": 0,
    "4.2-4.3": 0,
    "5.0-5.1": 0.009430477732284455,
    "6.0-6.1": 0,
    "7.0-7.1": 0.015717462887140758,
    "8.1-8.4": 0.05343937381627858,
    "9.0-9.2": 0.010216350876641493,
    "9.3": 0.23026083129661212,
    "10.0-10.2": 0.16503336031497795,
    "10.3": 0.7898025100788232,
    "11.0-11.2": 0.4691662671811516,
    "11.3-11.4": 2.324612761008118,
    "12.0-12.1": 12.900893537765135
  },
  "op_mini": {
    "all": 0.011788097165355569
  },
  "android": {
    "3": 0,
    "4": 0,
    "67": 0.1799649500577617,
    "2.1": 0,
    "2.2": 0.0007858731443570378,
    "2.3": 0,
    "4.1": 0,
    "4.2-4.3": 0,
    "4.4": 0,
    "4.4.3-4.4.4": 0
  },
  "bb": {
    "7": 0,
    "10": 0
  },
  "op_mob": {
    "10": 0.0023576194330711137,
    "11": 0.0023576194330711137,
    "12": 0.0023576194330711137,
    "46": 0.0023576194330711137,
    "11.1": 0.0023576194330711137,
    "11.5": 0.0023576194330711137,
    "12.1": 0.0023576194330711137
  },
  "and_chr": {
    "70": 4.517984706908611
  },
  "and_ff": {
    "63": 0.10845049392127122
  },
  "ie_mob": {
    "10": 0,
    "11": 0
  },
  "and_uc": {
    "11.8": 0
  },
  "samsung": {
    "4": 0,
    "5": 0,
    "6.2": 0,
    "7.2": 0
  },
  "and_qq": {
    "1.2": 0
  },
  "baidu": {
    "7.12": 0
  }
}