{
  "ie": {
    "6": 0.004672351360822334,
    "7": 0.0007787252268037223,
    "8": 0.007787252268037222,
    "9": 0.004672351360822334,
    "10": 0.005451076587626056,
    "11": 3.1413775649262154,
    "5.5": 0
  },
  "edge": {
    "12": 0,
    "13": 0.002336175680411167,
    "14": 0.06385546859790522,
    "15": 0.07709379745356851,
    "16": 0.13082583810302534,
    "17": 4.3265973601214816,
    "18": 0.1534088696803333
  },
  "firefox": {
    "2": 0,
    "3": 0,
    "4": 0,
    "5": 0,
    "6": 0,
    "7": 0,
    "8": 0,
    "9": 0,
    "10": 0,
    "11": 0,
    "12": 0,
    "13": 0,
    "14": 0,
    "15": 0,
    "16": 0,
    "17": 0,
    "18": 0,
    "19": 0,
    "20": 0,
    "21": 0,
    "22": 0,
    "23": 0,
    "24": 0,
    "25": 0,
    "26": 0,
    "27": 0,
    "28": 0,
    "29": 0,
    "30": 0,
    "31": 0,
    "32": 0,
    "33": 0.0015574504536074445,
    "34": 0,
    "35": 0,
    "36": 0,
    "37": 0,
    "38": 0.006229801814429778,
    "39": 0,
    "40": 0,
    "41": 0,
    "42": 0,
    "43": 0,
    "44": 0,
    "45": 0.016353229762878167,
    "46": 0,
    "47": 0.012459603628859556,
    "48": 0.0973406533504653,
    "49": 0,
    "50": 0.002336175680411167,
    "51": 0,
    "52": 0.08098742358758712,
    "53": 0.006229801814429778,
    "54": 0.002336175680411167,
    "55": 0,
    "56": 0.0007787252268037223,
    "57": 0.013238328855663279,
    "58": 0,
    "59": 0.012459603628859556,
    "60": 0.15496632013394074,
    "61": 0.0802086983607834,
    "62": 0.08877467585562435,
    "63": 1.3471946423704397,
    "64": 2.654674298173889,
    "65": 0.5669119651131098,
    "66": 0.016353229762878167,
    "67": 0,
    "3.5": 0,
    "3.6": 0
  },
  "chrome": {
    "4": 0,
    "5": 0,
    "6": 0,
    "7": 0,
    "8": 0,
    "9": 0,
    "10": 0,
    "11": 0,
    "12": 0,
    "13": 0,
    "14": 0,
    "15": 0,
    "16": 0,
    "17": 0,
    "18": 0,
    "19": 0,
    "20": 0,
    "21": 0,
    "22": 0,
    "23": 0,
    "24": 0,
    "25": 0,
    "26": 0,
    "27": 0.05684694155667173,
    "28": 0,
    "29": 0.0007787252268037223,
    "30": 0,
    "31": 0,
    "32": 0,
    "33": 0,
    "34": 0,
    "35": 0,
    "36": 0,
    "37": 0,
    "38": 0,
    "39": 0.002336175680411167,
    "40": 0.006229801814429778,
    "41": 0,
    "42": 0,
    "43": 0.0007787252268037223,
    "44": 0.0007787252268037223,
    "45": 0.007787252268037222,
    "46": 0.0007787252268037223,
    "47": 0,
    "48": 0.0070085270412335015,
    "49": 0.3068177393606666,
    "50": 0.0007787252268037223,
    "51": 0,
    "52": 0.014017054082467003,
    "53": 0,
    "54": 0.009344702721644668,
    "55": 0.009344702721644668,
    "56": 0.014017054082467003,
    "57": 0.3340731222987969,
    "58": 0.03192773429895261,
    "59": 0.049838414515438224,
    "60": 0.021025581123700503,
    "61": 0.006229801814429778,
    "62": 0.03660008565977495,
    "63": 0.05684694155667173,
    "64": 0.038936261340186115,
    "65": 0.11914495970096951,
    "66": 0.07865124790717595,
    "67": 0.1993536580617529,
    "68": 0.21648561305143482,
    "69": 0.29825176186582564,
    "70": 13.207958571817935,
    "71": 32.87077054861192,
    "72": 5.723630417007359,
    "73": 0.016353229762878167,
    "74": 0.003893626134018611,
    "75": 0
  },
  "safari": {
    "4": 0,
    "5": 0,
    "6": 0,
    "7": 0.01012342794844839,
    "8": 0.0015574504536074445,
    "9": 0.004672351360822334,
    "10": 0.10512790561850252,
    "11": 0.21648561305143482,
    "12": 7.625277420862049,
    "3.1": 0.0007787252268037223,
    "3.2": 0,
    "5.1": 0,
    "6.1": 0,
    "7.1": 0,
    "9.1": 0.18222170307207103,
    "10.1": 0.6774909473192383,
    "11.1": 1.3440797414632248,
    "12.1": 0,
    "TP": 0
  },
  "opera": {
    "9": 0,
    "11": 0,
    "12": 0,
    "15": 0,
    "16": 0,
    "17": 0,
    "18": 0,
    "19": 0,
    "20": 0,
    "21": 0,
    "22": 0,
    "23": 0,
    "24": 0,
    "25": 0,
    "26": 0,
    "27": 0,
    "28": 0,
    "29": 0,
    "30": 0,
    "31": 0,
    "32": 0,
    "33": 0,
    "34": 0,
    "35": 0,
    "36": 0,
    "37": 0.0007787252268037223,
    "38": 0,
    "39": 0,
    "40": 0,
    "41": 0,
    "42": 0,
    "43": 0,
    "44": 0,
    "45": 0,
    "46": 0,
    "47": 0,
    "48": 0,
    "49": 0,
    "50": 0,
    "51": 0,
    "52": 0,
    "53": 0,
    "54": 0,
    "55": 0,
    "56": 0.07164272086594245,
    "57": 0.0732001713195499,
    "9.5-9.6": 0,
    "10.0-10.1": 0,
    "10.5": 0,
    "10.6": 0,
    "11.1": 0,
    "11.5": 0,
    "11.6": 0,
    "12.1": 0
  },
  "ios_saf": {
    "8": 0.008565977494840945,
    "3.2": 0,
    "4.0-4.1": 0,
    "4.2-4.3": 0,
    "5.0-5.1": 0.007787252268037222,
    "6.0-6.1": 0.0007787252268037223,
    "7.0-7.1": 0.014795779309270726,
    "8.1-8.4": 0.050617139742241954,
    "9.0-9.2": 0.012459603628859556,
    "9.3": 0.21181326169061246,
    "10.0-10.2": 0.1432854417318849,
    "10.3": 0.6907292761749017,
    "11.0-11.2": 0.3916987890822723,
    "11.3-11.4": 1.982634427442277,
    "12.0-12.1": 13.091149787797377,
    "12.2": 0.010902153175252113
  },
  "op_mini": {
    "all": 0.014017054082467003
  },
  "android": {
    "3": 0,
    "4": 0,
    "67": 0.16508974808238913,
    "2.1": 0,
    "2.2": 0.0007787252268037223,
    "2.3": 0,
    "4.1": 0,
    "4.2-4.3": 0,
    "4.4": 0,
    "4.4.3-4.4.4": 0
  },
  "bb": {
    "7": 0,
    "10": 0
  },
  "op_mob": {
    "10": 0.002336175680411167,
    "11": 0.002336175680411167,
    "12": 0.002336175680411167,
    "46": 0.002336175680411167,
    "11.1": 0.002336175680411167,
    "11.5": 0.002336175680411167,
    "12.1": 0.002336175680411167
  },
  "and_chr": {
    "71": 4.431725265739984
  },
  "and_ff": {
    "64": 0.11758750924736205
  },
  "ie_mob": {
    "10": 0,
    "11": 0
  },
  "and_uc": {
    "11.8": 0
  },
  "samsung": {
    "4": 0,
    "5.0-5.4": 0,
    "6.2-6.4": 0,
    "7.2-7.4": 0,
    "8.2": 0
  },
  "and_qq": {
    "1.2": 0
  },
  "baidu": {
    "7.12": 0
  }
}