{
  "ie": {
    "6": 0,
    "7": 0.017730795859437005,
    "8": 0.0016886472247082864,
    "9": 0,
    "10": 0,
    "11": 2.9593542613012715,
    "5.5": 0
  },
  "edge": {
    "12": 0,
    "13": 0.007598912511187288,
    "14": 0.03799456255593644,
    "15": 0.009287559735895574,
    "16": 0.07936641956128945,
    "17": 1.6135024232087674,
    "18": 1.551022475894561,
    "76": 0
  },
  "firefox": {
    "2": 0,
    "3": 0,
    "4": 0,
    "5": 0,
    "6": 0,
    "7": 0,
    "8": 0,
    "9": 0,
    "10": 0,
    "11": 0,
    "12": 0,
    "13": 0,
    "14": 0,
    "15": 0,
    "16": 0,
    "17": 0,
    "18": 0,
    "19": 0,
    "20": 0,
    "21": 0,
    "22": 0,
    "23": 0,
    "24": 0,
    "25": 0,
    "26": 0,
    "27": 0,
    "28": 0,
    "29": 0,
    "30": 0,
    "31": 0,
    "32": 0,
    "33": 0,
    "34": 0,
    "35": 0,
    "36": 0,
    "37": 0,
    "38": 0.0008443236123541432,
    "39": 0.004221618061770715,
    "40": 0,
    "41": 0,
    "42": 0,
    "43": 0,
    "44": 0,
    "45": 0,
    "46": 0,
    "47": 0,
    "48": 0.012664854185312147,
    "49": 0,
    "50": 0.006754588898833146,
    "51": 0,
    "52": 0.09878586264543475,
    "53": 0,
    "54": 0,
    "55": 0,
    "56": 0.0008443236123541432,
    "57": 0.011820530572958003,
    "58": 0,
    "59": 0.006754588898833146,
    "60": 0.20939225586382748,
    "61": 0.02448538475827015,
    "62": 0.0008443236123541432,
    "63": 0.042216180617707155,
    "64": 0.011820530572958003,
    "65": 0.05234806396595687,
    "66": 1.847380063830865,
    "67": 2.3092250797885816,
    "68": 0.42807207146355053,
    "69": 0,
    "70": 0,
    "3.5": 0,
    "3.6": 0
  },
  "chrome": {
    "4": 0,
    "5": 0,
    "6": 0,
    "7": 0,
    "8": 0,
    "9": 0,
    "10": 0,
    "11": 0,
    "12": 0,
    "13": 0,
    "14": 0,
    "15": 0,
    "16": 0,
    "17": 0,
    "18": 0,
    "19": 0,
    "20": 0,
    "21": 0,
    "22": 0,
    "23": 0,
    "24": 0,
    "25": 0,
    "26": 0,
    "27": 0.05234806396595687,
    "28": 0,
    "29": 0,
    "30": 0,
    "31": 0,
    "32": 0,
    "33": 0,
    "34": 0,
    "35": 0,
    "36": 0,
    "37": 0,
    "38": 0,
    "39": 0,
    "40": 0.002532970837062429,
    "41": 0.0016886472247082864,
    "42": 0,
    "43": 0.0008443236123541432,
    "44": 0,
    "45": 0.03630591533122816,
    "46": 0,
    "47": 0,
    "48": 0.0008443236123541432,
    "49": 0.3174656782451578,
    "50": 0,
    "51": 0,
    "52": 0,
    "53": 0,
    "54": 0,
    "55": 0.017730795859437005,
    "56": 0.00844323612354143,
    "57": 0.4052753339299887,
    "58": 0.004221618061770715,
    "59": 0.02195241392120772,
    "60": 0.023641061145916006,
    "61": 0.002532970837062429,
    "62": 0.012664854185312147,
    "63": 0.030395650044749152,
    "64": 0.03630591533122816,
    "65": 0.0489707695165403,
    "66": 0.027018355595332583,
    "67": 0.15028960299903746,
    "68": 0.08527668484776846,
    "69": 0.039683209780644726,
    "70": 0.04981509312889444,
    "71": 0.1925057836167446,
    "72": 0.24569817119505563,
    "73": 6.807781286411456,
    "74": 22.483493473378477,
    "75": 15.272969823874094,
    "76": 1.981627518195174,
    "77": 0.23387764062209765,
    "78": 0
  },
  "safari": {
    "4": 0,
    "5": 0,
    "6": 0,
    "7": 0,
    "8": 0.013509177797666291,
    "9": 0.003377294449416573,
    "10": 0.07261183066245631,
    "11": 0.1156723348925176,
    "12": 1.1482801128016347,
    "13": 0,
    "3.1": 0,
    "3.2": 0,
    "5.1": 0,
    "6.1": 0,
    "7.1": 0,
    "9.1": 0.10976206960603861,
    "10.1": 0.4407369256488627,
    "11.1": 0.6881237440686266,
    "12.1": 5.233962072983333,
    "TP": 0
  },
  "opera": {
    "9": 0,
    "11": 0,
    "12": 0,
    "15": 0,
    "16": 0,
    "17": 0,
    "18": 0,
    "19": 0,
    "20": 0,
    "21": 0,
    "22": 0,
    "23": 0,
    "24": 0,
    "25": 0,
    "26": 0,
    "27": 0,
    "28": 0,
    "29": 0,
    "30": 0,
    "31": 0,
    "32": 0,
    "33": 0,
    "34": 0,
    "35": 0,
    "36": 0,
    "37": 0,
    "38": 0,
    "39": 0,
    "40": 0,
    "41": 0,
    "42": 0,
    "43": 0,
    "44": 0,
    "45": 0.0008443236123541432,
    "46": 0,
    "47": 0,
    "48": 0,
    "49": 0,
    "50": 0,
    "51": 0,
    "52": 0,
    "53": 0,
    "54": 0,
    "55": 0,
    "56": 0,
    "57": 0,
    "58": 0.0371502389435823,
    "60": 0.11060639321839275,
    "62": 0.027018355595332583,
    "9.5-9.6": 0,
    "10.0-10.1": 0,
    "10.5": 0,
    "10.6": 0,
    "11.1": 0,
    "11.5": 0,
    "11.6": 0,
    "12.1": 0.003377294449416573
  },
  "ios_saf": {
    "8": 0.003377294449416573,
    "13": 0.003377294449416573,
    "3.2": 0,
    "4.0-4.1": 0,
    "4.2-4.3": 0,
    "5.0-5.1": 0.0008443236123541432,
    "6.0-6.1": 0.0008443236123541432,
    "7.0-7.1": 0.00844323612354143,
    "8.1-8.4": 0.03461726810651987,
    "9.0-9.2": 0.03208429726945743,
    "9.3": 0.38585589084584343,
    "10.0-10.2": 0.1190496293419342,
    "10.3": 0.6965669801921681,
    "11.0-11.2": 0.3098667657339705,
    "11.3-11.4": 1.3070129519242135,
    "12.0-12.1": 3.5799321163815665,
    "12.2-12.3": 16.879717658184028
  },
  "op_mini": {
    "all": 0.04052753339299887
  },
  "android": {
    "3": 0,
    "4": 0,
    "67": 0.46184501595771627,
    "2.1": 0,
    "2.2": 0,
    "2.3": 0,
    "4.1": 0,
    "4.2-4.3": 0,
    "4.4": 0,
    "4.4.3-4.4.4": 0
  },
  "bb": {
    "7": 0,
    "10": 0
  },
  "op_mob": {
    "10": 0,
    "11": 0,
    "12": 0,
    "46": 0,
    "11.1": 0,
    "11.5": 0,
    "12.1": 0
  },
  "and_chr": {
    "75": 6.0217160033097485
  },
  "and_ff": {
    "67": 0.1528225738360999
  },
  "ie_mob": {
    "10": 0,
    "11": 0
  },
  "and_uc": {
    "11.8": 0
  },
  "samsung": {
    "4": 0,
    "5.0-5.4": 0,
    "6.2-6.4": 0,
    "7.2-7.4": 0,
    "8.2": 0,
    "9.2": 0
  },
  "and_qq": {
    "1.2": 0
  },
  "baidu": {
    "7.12": 0
  },
  "kaios": {
    "2.5": 0
  }
}