{
  "ie": {
    "6": 0.003853505148282878,
    "7": 0.0007707010296565755,
    "8": 0.00539490720759603,
    "9": 0.002312103088969727,
    "10": 0.00539490720759603,
    "11": 3.1367531907022626,
    "5.5": 0
  },
  "edge": {
    "12": 0,
    "13": 0.003082804118626302,
    "14": 0.05934397928355632,
    "15": 0.07244589678771811,
    "16": 0.1263949688636784,
    "17": 4.094734570565387,
    "18": 0.20577717491830572
  },
  "firefox": {
    "2": 0,
    "3": 0,
    "4": 0,
    "5": 0,
    "6": 0,
    "7": 0,
    "8": 0,
    "9": 0,
    "10": 0,
    "11": 0,
    "12": 0,
    "13": 0,
    "14": 0,
    "15": 0,
    "16": 0,
    "17": 0,
    "18": 0,
    "19": 0,
    "20": 0,
    "21": 0,
    "22": 0,
    "23": 0,
    "24": 0,
    "25": 0,
    "26": 0,
    "27": 0,
    "28": 0,
    "29": 0,
    "30": 0,
    "31": 0,
    "32": 0,
    "33": 0.001541402059313151,
    "34": 0,
    "35": 0,
    "36": 0,
    "37": 0,
    "38": 0.006165608237252604,
    "39": 0,
    "40": 0,
    "41": 0,
    "42": 0,
    "43": 0,
    "44": 0,
    "45": 0.016184721622788088,
    "46": 0,
    "47": 0.0007707010296565755,
    "48": 0.0855478142918799,
    "49": 0,
    "50": 0.002312103088969727,
    "51": 0,
    "52": 0.08477711326222331,
    "53": 0.001541402059313151,
    "54": 0.002312103088969727,
    "55": 0,
    "56": 0.0007707010296565755,
    "57": 0.013101917504161785,
    "58": 0,
    "59": 0.007707010296565756,
    "60": 0.14720389666440595,
    "61": 0.05549047413527344,
    "62": 0.07861150502497072,
    "63": 1.0003699364942351,
    "64": 2.668166964671065,
    "65": 0.9109686170540724,
    "66": 0.016184721622788088,
    "67": 0.001541402059313151,
    "3.5": 0,
    "3.6": 0
  },
  "chrome": {
    "4": 0,
    "5": 0,
    "6": 0,
    "7": 0,
    "8": 0,
    "9": 0,
    "10": 0,
    "11": 0,
    "12": 0,
    "13": 0,
    "14": 0,
    "15": 0,
    "16": 0,
    "17": 0,
    "18": 0,
    "19": 0,
    "20": 0,
    "21": 0,
    "22": 0,
    "23": 0,
    "24": 0,
    "25": 0,
    "26": 0,
    "27": 0.05626117516493002,
    "28": 0,
    "29": 0.0007707010296565755,
    "30": 0,
    "31": 0.0007707010296565755,
    "32": 0,
    "33": 0,
    "34": 0,
    "35": 0,
    "36": 0,
    "37": 0,
    "38": 0,
    "39": 0.002312103088969727,
    "40": 0.001541402059313151,
    "41": 0,
    "42": 0,
    "43": 0.0007707010296565755,
    "44": 0.0007707010296565755,
    "45": 0.002312103088969727,
    "46": 0.0007707010296565755,
    "47": 0,
    "48": 0.002312103088969727,
    "49": 0.2874714840619027,
    "50": 0.0007707010296565755,
    "51": 0,
    "52": 0.012331216474505208,
    "53": 0,
    "54": 0.009248412355878907,
    "55": 0.007707010296565756,
    "56": 0.01387261853381836,
    "57": 0.3198409273074789,
    "58": 0.034681546334545905,
    "59": 0.049324865898020834,
    "60": 0.02080892780072754,
    "61": 0.015414020593131511,
    "62": 0.034681546334545905,
    "63": 0.0631974844318392,
    "64": 0.03930575251248536,
    "65": 0.1263949688636784,
    "66": 0.07244589678771811,
    "67": 0.18496824711757814,
    "68": 0.19729946359208334,
    "69": 0.24816573154941737,
    "70": 9.530488932733213,
    "71": 32.81336703865836,
    "72": 9.747055922066712,
    "73": 0.023891731919353842,
    "74": 0.003853505148282878,
    "75": 0
  },
  "safari": {
    "4": 0,
    "5": 0,
    "6": 0,
    "7": 0.010019113385535483,
    "8": 0.002312103088969727,
    "9": 0.006165608237252604,
    "10": 0.12177076268573896,
    "11": 0.20654787594796228,
    "12": 7.623774585362845,
    "3.1": 0.0007707010296565755,
    "3.2": 0,
    "5.1": 0,
    "6.1": 0,
    "7.1": 0,
    "9.1": 0.17726123682101239,
    "10.1": 0.6874653184536654,
    "11.1": 1.3086503483568652,
    "12.1": 0.0007707010296565755,
    "TP": 0
  },
  "opera": {
    "9": 0,
    "11": 0,
    "12": 0,
    "15": 0,
    "16": 0,
    "17": 0,
    "18": 0,
    "19": 0,
    "20": 0,
    "21": 0,
    "22": 0,
    "23": 0,
    "24": 0,
    "25": 0,
    "26": 0,
    "27": 0,
    "28": 0,
    "29": 0,
    "30": 0,
    "31": 0,
    "32": 0,
    "33": 0,
    "34": 0,
    "35": 0,
    "36": 0,
    "37": 0.0007707010296565755,
    "38": 0,
    "39": 0,
    "40": 0,
    "41": 0,
    "42": 0,
    "43": 0,
    "44": 0,
    "45": 0,
    "46": 0,
    "47": 0,
    "48": 0,
    "49": 0,
    "50": 0,
    "51": 0,
    "52": 0,
    "53": 0,
    "54": 0,
    "55": 0,
    "56": 0.058573278253899755,
    "57": 0.07244589678771811,
    "9.5-9.6": 0,
    "10.0-10.1": 0,
    "10.5": 0,
    "10.6": 0,
    "11.1": 0,
    "11.5": 0,
    "11.6": 0,
    "12.1": 0
  },
  "ios_saf": {
    "8": 0.008477711326222333,
    "3.2": 0,
    "4.0-4.1": 0,
    "4.2-4.3": 0,
    "5.0-5.1": 0.004624206177939454,
    "6.0-6.1": 0.0007707010296565755,
    "7.0-7.1": 0.02157962883038412,
    "8.1-8.4": 0.046242061779394536,
    "9.0-9.2": 0.012331216474505208,
    "9.3": 0.17957333990998212,
    "10.0-10.2": 0.14643319563474938,
    "10.3": 0.6404525556446143,
    "11.0-11.2": 0.35221037055305504,
    "11.3-11.4": 1.8689499969171959,
    "12.0-12.1": 13.377057771749183,
    "12.2": 0.012331216474505208
  },
  "op_mini": {
    "all": 0.013101917504161785
  },
  "android": {
    "3": 0,
    "4": 0,
    "67": 0.1957580615327702,
    "2.1": 0,
    "2.2": 0,
    "2.3": 0,
    "4.1": 0,
    "4.2-4.3": 0,
    "4.4": 0,
    "4.4.3-4.4.4": 0
  },
  "bb": {
    "7": 0,
    "10": 0
  },
  "op_mob": {
    "10": 0.001541402059313151,
    "11": 0.001541402059313151,
    "12": 0.001541402059313151,
    "46": 0.001541402059313151,
    "11.1": 0.001541402059313151,
    "11.5": 0.001541402059313151,
    "12.1": 0.001541402059313151
  },
  "and_chr": {
    "71": 4.4793143843640175
  },
  "and_ff": {
    "64": 0.11637585547814291
  },
  "ie_mob": {
    "10": 0,
    "11": 0
  },
  "and_uc": {
    "11.8": 0
  },
  "samsung": {
    "4": 0,
    "5.0-5.4": 0,
    "6.2-6.4": 0,
    "7.2-7.4": 0,
    "8.2": 0
  },
  "and_qq": {
    "1.2": 0
  },
  "baidu": {
    "7.12": 0
  }
}