{
  "ie": {
    "6": 0,
    "7": 0.017736486486486486,
    "8": 0.0016891891891891893,
    "9": 0,
    "10": 0,
    "11": 2.960304054054054,
    "5.5": 0
  },
  "edge": {
    "12": 0,
    "13": 0.007601351351351351,
    "14": 0.03800675675675676,
    "15": 0.009290540540540541,
    "16": 0.0793918918918919,
    "17": 1.6140202702702704,
    "18": 1.5515202702702702,
    "76": 0
  },
  "firefox": {
    "2": 0,
    "3": 0,
    "4": 0,
    "5": 0,
    "6": 0,
    "7": 0,
    "8": 0,
    "9": 0,
    "10": 0,
    "11": 0,
    "12": 0,
    "13": 0,
    "14": 0,
    "15": 0,
    "16": 0,
    "17": 0,
    "18": 0,
    "19": 0,
    "20": 0,
    "21": 0,
    "22": 0,
    "23": 0,
    "24": 0,
    "25": 0,
    "26": 0,
    "27": 0,
    "28": 0,
    "29": 0,
    "30": 0,
    "31": 0,
    "32": 0,
    "33": 0,
    "34": 0,
    "35": 0,
    "36": 0,
    "37": 0,
    "38": 0.0008445945945945946,
    "39": 0.004222972972972973,
    "40": 0,
    "41": 0,
    "42": 0,
    "43": 0,
    "44": 0,
    "45": 0,
    "46": 0,
    "47": 0,
    "48": 0.01266891891891892,
    "49": 0,
    "50": 0.006756756756756757,
    "51": 0,
    "52": 0.09881756756756757,
    "53": 0,
    "54": 0,
    "55": 0,
    "56": 0.0008445945945945946,
    "57": 0.011824324324324325,
    "58": 0,
    "59": 0.006756756756756757,
    "60": 0.20945945945945946,
    "61": 0.024493243243243243,
    "62": 0.0008445945945945946,
    "63": 0.04222972972972973,
    "64": 0.011824324324324325,
    "65": 0.052364864864864864,
    "66": 1.8479729729729728,
    "67": 2.3099662162162162,
    "68": 0.4231418918918919,
    "69": 0,
    "70": 0,
    "3.5": 0,
    "3.6": 0
  },
  "chrome": {
    "4": 0,
    "5": 0,
    "6": 0,
    "7": 0,
    "8": 0,
    "9": 0,
    "10": 0,
    "11": 0,
    "12": 0,
    "13": 0,
    "14": 0,
    "15": 0,
    "16": 0,
    "17": 0,
    "18": 0,
    "19": 0,
    "20": 0,
    "21": 0,
    "22": 0,
    "23": 0,
    "24": 0,
    "25": 0,
    "26": 0,
    "27": 0.052364864864864864,
    "28": 0,
    "29": 0,
    "30": 0,
    "31": 0,
    "32": 0,
    "33": 0,
    "34": 0,
    "35": 0,
    "36": 0,
    "37": 0,
    "38": 0,
    "39": 0,
    "40": 0.0025337837837837835,
    "41": 0.0016891891891891893,
    "42": 0,
    "43": 0.0008445945945945946,
    "44": 0,
    "45": 0.036317567567567564,
    "46": 0,
    "47": 0,
    "48": 0.0008445945945945946,
    "49": 0.3175675675675676,
    "50": 0,
    "51": 0,
    "52": 0,
    "53": 0,
    "54": 0,
    "55": 0.017736486486486486,
    "56": 0.008445945945945946,
    "57": 0.40540540540540543,
    "58": 0.004222972972972973,
    "59": 0.02195945945945946,
    "60": 0.02364864864864865,
    "61": 0.0025337837837837835,
    "62": 0.01266891891891892,
    "63": 0.030405405405405404,
    "64": 0.036317567567567564,
    "65": 0.048986486486486486,
    "66": 0.02702702702702703,
    "67": 0.15033783783783783,
    "68": 0.08530405405405406,
    "69": 0.03969594594594595,
    "70": 0.04983108108108108,
    "71": 0.19256756756756757,
    "72": 0.24577702702702703,
    "73": 6.809966216216217,
    "74": 22.49070945945946,
    "75": 15.260135135135137,
    "76": 1.9822635135135134,
    "77": 0.2339527027027027,
    "78": 0
  },
  "safari": {
    "4": 0,
    "5": 0,
    "6": 0,
    "7": 0,
    "8": 0.013513513513513514,
    "9": 0.0033783783783783786,
    "10": 0.07263513513513513,
    "11": 0.11570945945945947,
    "12": 1.1486486486486487,
    "13": 0,
    "3.1": 0,
    "3.2": 0,
    "5.1": 0,
    "6.1": 0,
    "7.1": 0,
    "9.1": 0.1097972972972973,
    "10.1": 0.4408783783783784,
    "11.1": 0.6883445945945946,
    "12.1": 5.234797297297297,
    "TP": 0
  },
  "opera": {
    "9": 0,
    "11": 0,
    "12": 0,
    "15": 0,
    "16": 0,
    "17": 0,
    "18": 0,
    "19": 0,
    "20": 0,
    "21": 0,
    "22": 0,
    "23": 0,
    "24": 0,
    "25": 0,
    "26": 0,
    "27": 0,
    "28": 0,
    "29": 0,
    "30": 0,
    "31": 0,
    "32": 0,
    "33": 0,
    "34": 0,
    "35": 0,
    "36": 0,
    "37": 0,
    "38": 0,
    "39": 0,
    "40": 0,
    "41": 0,
    "42": 0,
    "43": 0,
    "44": 0,
    "45": 0.0008445945945945946,
    "46": 0,
    "47": 0,
    "48": 0,
    "49": 0,
    "50": 0,
    "51": 0,
    "52": 0,
    "53": 0,
    "54": 0,
    "55": 0,
    "56": 0,
    "57": 0,
    "58": 0.037162162162162164,
    "60": 0.11064189189189189,
    "62": 0.02702702702702703,
    "9.5-9.6": 0,
    "10.0-10.1": 0,
    "10.5": 0,
    "10.6": 0,
    "11.1": 0,
    "11.5": 0,
    "11.6": 0,
    "12.1": 0.0033783783783783786
  },
  "ios_saf": {
    "8": 0.0033783783783783786,
    "13": 0.0033783783783783786,
    "3.2": 0,
    "4.0-4.1": 0,
    "4.2-4.3": 0,
    "5.0-5.1": 0.0008445945945945946,
    "6.0-6.1": 0.0008445945945945946,
    "7.0-7.1": 0.008445945945945946,
    "8.1-8.4": 0.03462837837837838,
    "9.0-9.2": 0.03209459459459459,
    "9.3": 0.3859797297297297,
    "10.0-10.2": 0.11908783783783783,
    "10.3": 0.6967905405405406,
    "11.0-11.2": 0.30996621621621623,
    "11.3-11.4": 1.3074324324324325,
    "12.0-12.1": 3.581081081081081,
    "12.2-12.3": 16.87668918918919
  },
  "op_mini": {
    "all": 0.040540540540540536
  },
  "android": {
    "3": 0,
    "4": 0,
    "67": 0.4619932432432432,
    "2.1": 0,
    "2.2": 0,
    "2.3": 0,
    "4.1": 0,
    "4.2-4.3": 0,
    "4.4": 0,
    "4.4.3-4.4.4": 0
  },
  "bb": {
    "7": 0,
    "10": 0
  },
  "op_mob": {
    "10": 0,
    "11": 0,
    "12": 0,
    "46": 0,
    "11.1": 0,
    "11.5": 0,
    "12.1": 0
  },
  "and_chr": {
    "75": 6.023648648648649
  },
  "and_ff": {
    "67": 0.15287162162162163
  },
  "ie_mob": {
    "10": 0,
    "11": 0
  },
  "and_uc": {
    "11.8": 0
  },
  "samsung": {
    "4": 0,
    "5.0-5.4": 0,
    "6.2-6.4": 0,
    "7.2-7.4": 0,
    "8.2": 0,
    "9.2": 0
  },
  "and_qq": {
    "1.2": 0
  },
  "baidu": {
    "7.12": 0
  },
  "kaios": {
    "2.5": 0
  }
}