{
  "ie": {
    "6": 0.004644538023284617,
    "7": 0.0007740896705474361,
    "8": 0.007740896705474362,
    "9": 0.004644538023284617,
    "10": 0.005418627693832053,
    "11": 3.155963586821897,
    "5.5": 0
  },
  "edge": {
    "12": 0,
    "13": 0.0023222690116423087,
    "14": 0.06424944265543721,
    "15": 0.06811989100817438,
    "16": 0.12385434728758979,
    "17": 4.374380728263562,
    "18": 0.13856205102799107
  },
  "firefox": {
    "2": 0,
    "3": 0,
    "4": 0,
    "5": 0,
    "6": 0,
    "7": 0,
    "8": 0,
    "9": 0,
    "10": 0,
    "11": 0,
    "12": 0,
    "13": 0,
    "14": 0,
    "15": 0,
    "16": 0,
    "17": 0,
    "18": 0,
    "19": 0,
    "20": 0,
    "21": 0,
    "22": 0,
    "23": 0,
    "24": 0,
    "25": 0,
    "26": 0,
    "27": 0,
    "28": 0,
    "29": 0,
    "30": 0,
    "31": 0,
    "32": 0,
    "33": 0.0015481793410948722,
    "34": 0,
    "35": 0,
    "36": 0,
    "37": 0,
    "38": 0.006192717364379489,
    "39": 0,
    "40": 0,
    "41": 0,
    "42": 0,
    "43": 0,
    "44": 0,
    "45": 0.006966807034926925,
    "46": 0,
    "47": 0.012385434728758977,
    "48": 0.09753529848897696,
    "49": 0,
    "50": 0.012385434728758977,
    "51": 0,
    "52": 0.08050532573693336,
    "53": 0.006192717364379489,
    "54": 0.0007740896705474361,
    "55": 0,
    "56": 0,
    "57": 0.013159524399306415,
    "58": 0,
    "59": 0.012385434728758977,
    "60": 0.14475476839237056,
    "61": 0.07973123606638594,
    "62": 0.1006316571711667,
    "63": 1.7749876145652714,
    "64": 2.6295826108496407,
    "65": 0.3011208818429527,
    "66": 0.01625588308149616,
    "67": 0,
    "3.5": 0,
    "3.6": 0
  },
  "chrome": {
    "4": 0,
    "5": 0,
    "6": 0,
    "7": 0,
    "8": 0,
    "9": 0,
    "10": 0,
    "11": 0,
    "12": 0,
    "13": 0,
    "14": 0,
    "15": 0,
    "16": 0,
    "17": 0,
    "18": 0,
    "19": 0,
    "20": 0,
    "21": 0,
    "22": 0,
    "23": 0,
    "24": 0,
    "25": 0,
    "26": 0,
    "27": 0.058056725291057716,
    "28": 0,
    "29": 0.0007740896705474361,
    "30": 0,
    "31": 0,
    "32": 0,
    "33": 0,
    "34": 0,
    "35": 0,
    "36": 0,
    "37": 0.0023222690116423087,
    "38": 0,
    "39": 0.0023222690116423087,
    "40": 0.006192717364379489,
    "41": 0,
    "42": 0,
    "43": 0,
    "44": 0,
    "45": 0.007740896705474362,
    "46": 0.0007740896705474361,
    "47": 0,
    "48": 0.006966807034926925,
    "49": 0.32976219965320785,
    "50": 0.0007740896705474361,
    "51": 0,
    "52": 0.01393361406985385,
    "53": 0,
    "54": 0.009289076046569235,
    "55": 0.010837255387664106,
    "56": 0.01393361406985385,
    "57": 0.3274399306415655,
    "58": 0.03173767649244488,
    "59": 0.039478573197919246,
    "60": 0.019352241763685905,
    "61": 0.008514986376021797,
    "62": 0.03251176616299232,
    "63": 0.06270126331434234,
    "64": 0.04257493188010899,
    "65": 0.09521302947733465,
    "66": 0.07895714639583849,
    "67": 0.17881471389645776,
    "68": 0.22526009412930392,
    "69": 0.39091528362645533,
    "70": 15.943924944265545,
    "71": 32.12394723804805,
    "72": 3.455536289323755,
    "73": 0.013159524399306415,
    "74": 0,
    "75": 0
  },
  "safari": {
    "4": 0,
    "5": 0,
    "6": 0,
    "7": 0.01006316571711667,
    "8": 0.0015481793410948722,
    "9": 0.004644538023284617,
    "10": 0.10527619519445132,
    "11": 0.2151969284121873,
    "12": 7.540407480802576,
    "3.1": 0.0007740896705474361,
    "3.2": 0,
    "5.1": 0,
    "6.1": 0,
    "7.1": 0,
    "9.1": 0.2028114936834283,
    "10.1": 0.6618466683180579,
    "11.1": 1.3593014614812982,
    "TP": 0
  },
  "opera": {
    "9": 0,
    "11": 0,
    "12": 0,
    "15": 0,
    "16": 0,
    "17": 0,
    "18": 0,
    "19": 0,
    "20": 0,
    "21": 0,
    "22": 0,
    "23": 0,
    "24": 0,
    "25": 0,
    "26": 0,
    "27": 0,
    "28": 0,
    "29": 0,
    "30": 0,
    "31": 0,
    "32": 0,
    "33": 0,
    "34": 0,
    "35": 0,
    "36": 0,
    "37": 0,
    "38": 0,
    "39": 0,
    "40": 0,
    "41": 0,
    "42": 0,
    "43": 0,
    "44": 0,
    "45": 0,
    "46": 0,
    "47": 0,
    "48": 0,
    "49": 0,
    "50": 0,
    "51": 0,
    "52": 0,
    "53": 0,
    "54": 0,
    "55": 0,
    "56": 0.07508669804310132,
    "57": 0.07121624969036414,
    "9.5-9.6": 0,
    "10.0-10.1": 0,
    "10.5": 0,
    "10.6": 0,
    "11.1": 0,
    "11.5": 0,
    "11.6": 0,
    "12.1": 0
  },
  "ios_saf": {
    "8": 0.008514986376021797,
    "3.2": 0,
    "4.0-4.1": 0,
    "4.2-4.3": 0,
    "5.0-5.1": 0.008514986376021797,
    "6.0-6.1": 0.0007740896705474361,
    "7.0-7.1": 0.014707703740401288,
    "8.1-8.4": 0.05108991825613079,
    "9.0-9.2": 0.012385434728758977,
    "9.3": 0.2113264800594501,
    "10.0-10.2": 0.15017339608620264,
    "10.3": 0.7299665593262323,
    "11.0-11.2": 0.40949343571959373,
    "11.3-11.4": 2.0900421104780778,
    "12.0-12.1": 12.99464329947981
  },
  "op_mini": {
    "all": 0.013159524399306415
  },
  "android": {
    "3": 0,
    "4": 0,
    "67": 0.15791429279167699,
    "2.1": 0,
    "2.2": 0.0007740896705474361,
    "2.3": 0,
    "4.1": 0,
    "4.2-4.3": 0,
    "4.4": 0,
    "4.4.3-4.4.4": 0
  },
  "bb": {
    "7": 0,
    "10": 0
  },
  "op_mob": {
    "10": 0.0023222690116423087,
    "11": 0.0023222690116423087,
    "12": 0.0023222690116423087,
    "46": 0.0023222690116423087,
    "11.1": 0.0023222690116423087,
    "11.5": 0.0023222690116423087,
    "12.1": 0.0023222690116423087
  },
  "and_chr": {
    "71": 4.481205102799108
  },
  "and_ff": {
    "64": 0.1176616299232103
  },
  "ie_mob": {
    "10": 0,
    "11": 0
  },
  "and_uc": {
    "11.8": 0
  },
  "samsung": {
    "4": 0,
    "5.0-5.4": 0,
    "6.2-6.4": 0,
    "7.2-7.4": 0,
    "8.2": 0
  },
  "and_qq": {
    "1.2": 0
  },
  "baidu": {
    "7.12": 0
  }
}