{
  "ie": {
    "6": 0,
    "7": 0.0008884150675195451,
    "8": 0,
    "9": 0,
    "10": 0.004442075337597726,
    "11": 2.785181236673774,
    "5.5": 0
  },
  "edge": {
    "12": 0,
    "13": 0.004442075337597726,
    "14": 0.04975124378109452,
    "15": 0.02398720682302772,
    "16": 0.11194029850746269,
    "17": 2.2654584221748397,
    "18": 1.1353944562899787
  },
  "firefox": {
    "2": 0,
    "3": 0,
    "4": 0,
    "5": 0,
    "6": 0,
    "7": 0,
    "8": 0,
    "9": 0,
    "10": 0,
    "11": 0,
    "12": 0,
    "13": 0,
    "14": 0,
    "15": 0,
    "16": 0,
    "17": 0,
    "18": 0,
    "19": 0,
    "20": 0,
    "21": 0,
    "22": 0,
    "23": 0,
    "24": 0,
    "25": 0,
    "26": 0,
    "27": 0,
    "28": 0,
    "29": 0,
    "30": 0,
    "31": 0,
    "32": 0,
    "33": 0,
    "34": 0,
    "35": 0,
    "36": 0,
    "37": 0,
    "38": 0,
    "39": 0.004442075337597726,
    "40": 0,
    "41": 0,
    "42": 0,
    "43": 0,
    "44": 0,
    "45": 0.010660980810234541,
    "46": 0.0008884150675195451,
    "47": 0.0017768301350390902,
    "48": 0.02487562189054726,
    "49": 0,
    "50": 0.007995735607675906,
    "51": 0,
    "52": 0.11815920398009949,
    "53": 0,
    "54": 0.0035536602700781805,
    "55": 0,
    "56": 0.019545131485429995,
    "57": 0,
    "58": 0,
    "59": 0.008884150675195452,
    "60": 0.11638237384506041,
    "61": 0.013326226012793176,
    "62": 0.0017768301350390902,
    "63": 0.06840796019900498,
    "64": 0.15280739161336176,
    "65": 1.9465174129353235,
    "66": 1.7581734186211797,
    "67": 0.01243781094527363,
    "68": 0,
    "3.5": 0,
    "3.6": 0
  },
  "chrome": {
    "4": 0,
    "5": 0,
    "6": 0,
    "7": 0,
    "8": 0,
    "9": 0,
    "10": 0,
    "11": 0,
    "12": 0,
    "13": 0,
    "14": 0,
    "15": 0,
    "16": 0,
    "17": 0,
    "18": 0,
    "19": 0,
    "20": 0,
    "21": 0,
    "22": 0,
    "23": 0,
    "24": 0,
    "25": 0,
    "26": 0,
    "27": 0.06041222459132907,
    "28": 0,
    "29": 0,
    "30": 0.0017768301350390902,
    "31": 0.0008884150675195451,
    "32": 0,
    "33": 0,
    "34": 0,
    "35": 0,
    "36": 0,
    "37": 0,
    "38": 0,
    "39": 0,
    "40": 0.0017768301350390902,
    "41": 0,
    "42": 0,
    "43": 0.0008884150675195451,
    "44": 0.0017768301350390902,
    "45": 0.006218905472636815,
    "46": 0,
    "47": 0,
    "48": 0.006218905472636815,
    "49": 0.16435678749111585,
    "50": 0.0008884150675195451,
    "51": 0,
    "52": 0.0017768301350390902,
    "53": 0,
    "54": 0,
    "55": 0.007107320540156361,
    "56": 0.0026652452025586353,
    "57": 0.30028429282160624,
    "58": 0.006218905472636815,
    "59": 0.03553660270078181,
    "60": 0.031982942430703626,
    "61": 0.019545131485429995,
    "62": 0.04619758351101635,
    "63": 0.09328358208955223,
    "64": 0.01865671641791045,
    "65": 0.15813788201847903,
    "66": 0.07196162046908315,
    "67": 0.1439232409381663,
    "68": 0.11282871357498224,
    "69": 0.07551528073916133,
    "70": 0.18834399431414356,
    "71": 3.9285714285714284,
    "72": 24.49271499644634,
    "73": 24.302594171997157,
    "74": 1.996268656716418,
    "75": 0.015103056147832267,
    "76": 0
  },
  "safari": {
    "4": 0,
    "5": 0,
    "6": 0,
    "7": 0.011549395877754087,
    "8": 0.0017768301350390902,
    "9": 0.004442075337597726,
    "10": 0.09772565742714996,
    "11": 0.12437810945273632,
    "12": 4.918265813788201,
    "3.1": 0,
    "3.2": 0,
    "5.1": 0,
    "6.1": 0,
    "7.1": 0,
    "9.1": 0.1830135039090263,
    "10.1": 0.5339374555792465,
    "11.1": 1.1105188343994314,
    "12.1": 1.7821606254442075,
    "TP": 0
  },
  "opera": {
    "9": 0,
    "11": 0,
    "12": 0,
    "15": 0,
    "16": 0,
    "17": 0,
    "18": 0,
    "19": 0,
    "20": 0,
    "21": 0,
    "22": 0,
    "23": 0,
    "24": 0,
    "25": 0,
    "26": 0,
    "27": 0,
    "28": 0,
    "29": 0,
    "30": 0,
    "31": 0,
    "32": 0,
    "33": 0,
    "34": 0,
    "35": 0,
    "36": 0,
    "37": 0.0008884150675195451,
    "38": 0,
    "39": 0,
    "40": 0,
    "41": 0,
    "42": 0,
    "43": 0,
    "44": 0,
    "45": 0,
    "46": 0,
    "47": 0,
    "48": 0,
    "49": 0,
    "50": 0,
    "51": 0,
    "52": 0,
    "53": 0.007995735607675906,
    "54": 0,
    "55": 0,
    "56": 0,
    "57": 0.03109452736318408,
    "58": 0.1830135039090263,
    "9.5-9.6": 0,
    "10.0-10.1": 0,
    "10.5": 0,
    "10.6": 0,
    "11.1": 0,
    "11.5": 0,
    "11.6": 0,
    "12.1": 0
  },
  "ios_saf": {
    "8": 0,
    "3.2": 0,
    "4.0-4.1": 0,
    "4.2-4.3": 0,
    "5.0-5.1": 0.0017768301350390902,
    "6.0-6.1": 0.0008884150675195451,
    "7.0-7.1": 0.014214641080312722,
    "8.1-8.4": 0.017768301350390904,
    "9.0-9.2": 0.009772565742714998,
    "9.3": 0.1750177683013504,
    "10.0-10.2": 0.07373845060412225,
    "10.3": 0.3695806680881308,
    "11.0-11.2": 0.2905117270788913,
    "11.3-11.4": 1.0207889125799574,
    "12.0-12.1": 10.439765458422174,
    "12.2": 4.626865671641791
  },
  "op_mini": {
    "all": 0.02398720682302772
  },
  "android": {
    "3": 0,
    "4": 0,
    "67": 0.2940653873489694,
    "2.1": 0,
    "2.2": 0,
    "2.3": 0,
    "4.1": 0,
    "4.2-4.3": 0,
    "4.4": 0,
    "4.4.3-4.4.4": 0
  },
  "bb": {
    "7": 0,
    "10": 0
  },
  "op_mob": {
    "10": 0,
    "11": 0,
    "12": 0,
    "46": 0,
    "11.1": 0,
    "11.5": 0,
    "12.1": 0
  },
  "and_chr": {
    "73": 5.044420753375977
  },
  "and_ff": {
    "66": 0.0808457711442786
  },
  "ie_mob": {
    "10": 0,
    "11": 0
  },
  "and_uc": {
    "11.8": 0
  },
  "samsung": {
    "4": 0,
    "5.0-5.4": 0,
    "6.2-6.4": 0,
    "7.2-7.4": 0,
    "8.2": 0,
    "9.2": 0
  },
  "and_qq": {
    "1.2": 0
  },
  "baidu": {
    "7.12": 0
  },
  "kaios": {
    "2.5": 0
  }
}