{
  "ie": {
    "6": 0.0053996096853570295,
    "7": 0.0007713728121938614,
    "8": 0.007713728121938615,
    "9": 0.0046282368731631685,
    "10": 0.0053996096853570295,
    "11": 3.1633999028070257,
    "5.5": 0
  },
  "edge": {
    "12": 0,
    "13": 0.0023141184365815842,
    "14": 0.0640239434120905,
    "15": 0.06865218028525366,
    "16": 0.12419102276321169,
    "17": 4.368284235453837,
    "18": 0.11493454901688537
  },
  "firefox": {
    "2": 0,
    "3": 0,
    "4": 0,
    "5": 0,
    "6": 0,
    "7": 0,
    "8": 0,
    "9": 0,
    "10": 0,
    "11": 0,
    "12": 0,
    "13": 0,
    "14": 0,
    "15": 0,
    "16": 0,
    "17": 0,
    "18": 0,
    "19": 0,
    "20": 0,
    "21": 0,
    "22": 0,
    "23": 0,
    "24": 0,
    "25": 0,
    "26": 0,
    "27": 0,
    "28": 0,
    "29": 0,
    "30": 0,
    "31": 0,
    "32": 0,
    "33": 0.0015427456243877228,
    "34": 0,
    "35": 0,
    "36": 0,
    "37": 0,
    "38": 0.006170982497550891,
    "39": 0,
    "40": 0,
    "41": 0,
    "42": 0,
    "43": 0,
    "44": 0,
    "45": 0.007713728121938615,
    "46": 0,
    "47": 0.012341964995101783,
    "48": 0.09719297433642654,
    "49": 0,
    "50": 0.012341964995101783,
    "51": 0,
    "52": 0.08022277246816159,
    "53": 0.006170982497550891,
    "54": 0.0007713728121938614,
    "55": 0,
    "56": 0,
    "57": 0.013113337807295644,
    "58": 0,
    "59": 0.01542745624387723,
    "60": 0.14733220712902753,
    "61": 0.07945139965596773,
    "62": 0.12110553151443623,
    "63": 1.8968057451847053,
    "64": 2.6203534430225472,
    "65": 0.2584098920849436,
    "66": 0.01619882905607109,
    "67": 0,
    "3.5": 0,
    "3.6": 0
  },
  "chrome": {
    "4": 0,
    "5": 0,
    "6": 0,
    "7": 0,
    "8": 0,
    "9": 0,
    "10": 0,
    "11": 0,
    "12": 0,
    "13": 0,
    "14": 0,
    "15": 0,
    "16": 0,
    "17": 0,
    "18": 0,
    "19": 0,
    "20": 0,
    "21": 0,
    "22": 0,
    "23": 0,
    "24": 0,
    "25": 0,
    "26": 0,
    "27": 0.057852960914539606,
    "28": 0,
    "29": 0.0007713728121938614,
    "30": 0,
    "31": 0,
    "32": 0,
    "33": 0,
    "34": 0,
    "35": 0,
    "36": 0,
    "37": 0.0023141184365815842,
    "38": 0,
    "39": 0.0023141184365815842,
    "40": 0.006170982497550891,
    "41": 0,
    "42": 0,
    "43": 0,
    "44": 0,
    "45": 0.007713728121938615,
    "46": 0.0007713728121938614,
    "47": 0,
    "48": 0.006942355309744752,
    "49": 0.3278334451823911,
    "50": 0.0007713728121938614,
    "51": 0.01157059218290792,
    "52": 0.013884710619489505,
    "53": 0.0007713728121938614,
    "54": 0.009256473746326337,
    "55": 0.010799219370714059,
    "56": 0.014656083431683366,
    "57": 0.32860481799458496,
    "58": 0.03162628529994831,
    "59": 0.03085491248775446,
    "60": 0.01697020186826495,
    "61": 0.008485100934132475,
    "62": 0.03239765811214218,
    "63": 0.06248119778770278,
    "64": 0.042425504670662376,
    "65": 0.0917933646510695,
    "66": 0.08022277246816159,
    "67": 0.18127261086555743,
    "68": 0.23064047084596456,
    "69": 0.5499888150942233,
    "70": 17.20161371192311,
    "71": 31.503637022809492,
    "72": 2.604154613966476,
    "73": 0.007713728121938615,
    "74": 0,
    "75": 0
  },
  "safari": {
    "4": 0,
    "5": 0,
    "6": 0,
    "7": 0.010027846558520199,
    "8": 0.0015427456243877228,
    "9": 0.0046282368731631685,
    "10": 0.10413532964617128,
    "11": 0.21135615054111803,
    "12": 7.532455511073056,
    "3.1": 0.0007713728121938614,
    "3.2": 0,
    "5.1": 0,
    "6.1": 0,
    "7.1": 0,
    "9.1": 0.1820439836777513,
    "10.1": 0.6718657194208533,
    "11.1": 1.374586351329461,
    "TP": 0
  },
  "opera": {
    "9": 0,
    "11": 0,
    "12": 0,
    "15": 0,
    "16": 0,
    "17": 0,
    "18": 0,
    "19": 0,
    "20": 0,
    "21": 0,
    "22": 0,
    "23": 0,
    "24": 0,
    "25": 0,
    "26": 0,
    "27": 0,
    "28": 0,
    "29": 0,
    "30": 0,
    "31": 0,
    "32": 0,
    "33": 0,
    "34": 0,
    "35": 0,
    "36": 0,
    "37": 0,
    "38": 0,
    "39": 0,
    "40": 0,
    "41": 0,
    "42": 0,
    "43": 0,
    "44": 0,
    "45": 0,
    "46": 0,
    "47": 0,
    "48": 0,
    "49": 0,
    "50": 0,
    "51": 0,
    "52": 0,
    "53": 0,
    "54": 0,
    "55": 0,
    "56": 0.08099414528035545,
    "57": 0.0701949259096414,
    "9.5-9.6": 0,
    "10.0-10.1": 0,
    "10.5": 0,
    "10.6": 0,
    "11.1": 0,
    "11.5": 0,
    "11.6": 0,
    "12.1": 0
  },
  "ios_saf": {
    "8": 0.008485100934132475,
    "3.2": 0,
    "4.0-4.1": 0,
    "4.2-4.3": 0,
    "5.0-5.1": 0.008485100934132475,
    "6.0-6.1": 0.0007713728121938614,
    "7.0-7.1": 0.014656083431683366,
    "8.1-8.4": 0.05091060560479486,
    "9.0-9.2": 0.012341964995101783,
    "9.3": 0.2136702689776996,
    "10.0-10.2": 0.15196044400219072,
    "10.3": 0.7443747637670762,
    "11.0-11.2": 0.4057420992139711,
    "11.3-11.4": 2.1228179791575066,
    "12.0-12.1": 12.97834756516172
  },
  "op_mini": {
    "all": 0.013113337807295644
  },
  "android": {
    "3": 0,
    "4": 0,
    "67": 0.15427456243877227,
    "2.1": 0,
    "2.2": 0.0007713728121938614,
    "2.3": 0,
    "4.1": 0,
    "4.2-4.3": 0,
    "4.4": 0,
    "4.4.3-4.4.4": 0
  },
  "bb": {
    "7": 0,
    "10": 0
  },
  "op_mob": {
    "10": 0.0023141184365815842,
    "11": 0.0023141184365815842,
    "12": 0.0023141184365815842,
    "46": 0.0023141184365815842,
    "11.1": 0.0023141184365815842,
    "11.5": 0.0023141184365815842,
    "12.1": 0.0023141184365815842
  },
  "and_chr": {
    "71": 4.467791328226845
  },
  "and_ff": {
    "64": 0.11879141307785467
  },
  "ie_mob": {
    "10": 0,
    "11": 0
  },
  "and_uc": {
    "11.8": 0
  },
  "samsung": {
    "4": 0,
    "5.0-5.4": 0,
    "6.2-6.4": 0,
    "7.2-7.4": 0,
    "8.2": 0
  },
  "and_qq": {
    "1.2": 0
  },
  "baidu": {
    "7.12": 0
  }
}