{
  "ie": {
    "6": 0.005399692988884346,
    "7": 0.0007713847126977637,
    "8": 0.007713847126977637,
    "9": 0.0046283082761865825,
    "10": 0.005399692988884346,
    "11": 3.1634487067735293,
    "5.5": 0
  },
  "edge": {
    "12": 0,
    "13": 0.0023141541380932913,
    "14": 0.06402493115391439,
    "15": 0.06865323943010097,
    "16": 0.12419293874433998,
    "17": 4.368351628007436,
    "18": 0.1149363221919668
  },
  "firefox": {
    "2": 0,
    "3": 0,
    "4": 0,
    "5": 0,
    "6": 0,
    "7": 0,
    "8": 0,
    "9": 0,
    "10": 0,
    "11": 0,
    "12": 0,
    "13": 0,
    "14": 0,
    "15": 0,
    "16": 0,
    "17": 0,
    "18": 0,
    "19": 0,
    "20": 0,
    "21": 0,
    "22": 0,
    "23": 0,
    "24": 0,
    "25": 0,
    "26": 0,
    "27": 0,
    "28": 0,
    "29": 0,
    "30": 0,
    "31": 0,
    "32": 0,
    "33": 0.0015427694253955274,
    "34": 0,
    "35": 0,
    "36": 0,
    "37": 0,
    "38": 0.00617107770158211,
    "39": 0,
    "40": 0,
    "41": 0,
    "42": 0,
    "43": 0,
    "44": 0,
    "45": 0.007713847126977637,
    "46": 0,
    "47": 0.01234215540316422,
    "48": 0.09719447379991823,
    "49": 0,
    "50": 0.01234215540316422,
    "51": 0,
    "52": 0.08022401012056743,
    "53": 0.00617107770158211,
    "54": 0.0007713847126977637,
    "55": 0,
    "56": 0,
    "57": 0.013113540115861983,
    "58": 0,
    "59": 0.015427694253955274,
    "60": 0.1473344801252729,
    "61": 0.07945262540786967,
    "62": 0.1211073998935489,
    "63": 1.896835008523801,
    "64": 2.6203938690343036,
    "65": 0.2584138787537508,
    "66": 0.01619907896665304,
    "67": 0,
    "3.5": 0,
    "3.6": 0
  },
  "chrome": {
    "4": 0,
    "5": 0,
    "6": 0,
    "7": 0,
    "8": 0,
    "9": 0,
    "10": 0,
    "11": 0,
    "12": 0,
    "13": 0,
    "14": 0,
    "15": 0,
    "16": 0,
    "17": 0,
    "18": 0,
    "19": 0,
    "20": 0,
    "21": 0,
    "22": 0,
    "23": 0,
    "24": 0,
    "25": 0,
    "26": 0,
    "27": 0.05785385345233228,
    "28": 0,
    "29": 0.0007713847126977637,
    "30": 0,
    "31": 0,
    "32": 0,
    "33": 0,
    "34": 0,
    "35": 0,
    "36": 0,
    "37": 0.0023141541380932913,
    "38": 0,
    "39": 0.0023141541380932913,
    "40": 0.00617107770158211,
    "41": 0,
    "42": 0,
    "43": 0,
    "44": 0,
    "45": 0.007713847126977637,
    "46": 0.0007713847126977637,
    "47": 0,
    "48": 0.006942462414279874,
    "49": 0.3278385028965496,
    "50": 0.0007713847126977637,
    "51": 0.011570770690466456,
    "52": 0.013884924828559748,
    "53": 0.0007713847126977637,
    "54": 0.009256616552373165,
    "55": 0.010799385977768692,
    "56": 0.01465630954125751,
    "57": 0.32860988760924736,
    "58": 0.03162677322060831,
    "59": 0.030855388507910548,
    "60": 0.016970463679350803,
    "61": 0.008485231839675401,
    "62": 0.03239815793330608,
    "63": 0.06248216172851887,
    "64": 0.04242615919837701,
    "65": 0.09179478081103389,
    "66": 0.08022401012056743,
    "67": 0.18127540748397447,
    "68": 0.23064402909663134,
    "69": 0.5499973001535056,
    "70": 17.201879093160134,
    "71": 31.503351666576673,
    "72": 2.6041947900676505,
    "73": 0.007713847126977637,
    "74": 0,
    "75": 0
  },
  "safari": {
    "4": 0,
    "5": 0,
    "6": 0,
    "7": 0.010028001265070929,
    "8": 0.0015427694253955274,
    "9": 0.0046283082761865825,
    "10": 0.1041369362141981,
    "11": 0.21135941127918725,
    "12": 7.532571719493664,
    "3.1": 0.0007713847126977637,
    "3.2": 0,
    "5.1": 0,
    "6.1": 0,
    "7.1": 0,
    "9.1": 0.18204679219667225,
    "10.1": 0.6718760847597522,
    "11.1": 1.374607558027415,
    "TP": 0
  },
  "opera": {
    "9": 0,
    "11": 0,
    "12": 0,
    "15": 0,
    "16": 0,
    "17": 0,
    "18": 0,
    "19": 0,
    "20": 0,
    "21": 0,
    "22": 0,
    "23": 0,
    "24": 0,
    "25": 0,
    "26": 0,
    "27": 0,
    "28": 0,
    "29": 0,
    "30": 0,
    "31": 0,
    "32": 0,
    "33": 0,
    "34": 0,
    "35": 0,
    "36": 0,
    "37": 0,
    "38": 0,
    "39": 0,
    "40": 0,
    "41": 0,
    "42": 0,
    "43": 0,
    "44": 0,
    "45": 0,
    "46": 0,
    "47": 0,
    "48": 0,
    "49": 0,
    "50": 0,
    "51": 0,
    "52": 0,
    "53": 0,
    "54": 0,
    "55": 0,
    "56": 0.08099539483326519,
    "57": 0.0701960088554965,
    "9.5-9.6": 0,
    "10.0-10.1": 0,
    "10.5": 0,
    "10.6": 0,
    "11.1": 0,
    "11.5": 0,
    "11.6": 0,
    "12.1": 0
  },
  "ios_saf": {
    "8": 0.008485231839675401,
    "3.2": 0,
    "4.0-4.1": 0,
    "4.2-4.3": 0,
    "5.0-5.1": 0.008485231839675401,
    "6.0-6.1": 0.0007713847126977637,
    "7.0-7.1": 0.01465630954125751,
    "8.1-8.4": 0.05091139103805241,
    "9.0-9.2": 0.01234215540316422,
    "9.3": 0.21367356541728055,
    "10.0-10.2": 0.15196278840145946,
    "10.3": 0.7443862477533421,
    "11.0-11.2": 0.4057483588790238,
    "11.3-11.4": 2.122850729344246,
    "12.0-12.1": 12.977776406427177
  },
  "op_mini": {
    "all": 0.013113540115861983
  },
  "android": {
    "3": 0,
    "4": 0,
    "67": 0.15427694253955274,
    "2.1": 0,
    "2.2": 0.0007713847126977637,
    "2.3": 0,
    "4.1": 0,
    "4.2-4.3": 0,
    "4.4": 0,
    "4.4.3-4.4.4": 0
  },
  "bb": {
    "7": 0,
    "10": 0
  },
  "op_mob": {
    "10": 0.0023141541380932913,
    "11": 0.0023141541380932913,
    "12": 0.0023141541380932913,
    "46": 0.0023141541380932913,
    "11.1": 0.0023141541380932913,
    "11.5": 0.0023141541380932913,
    "12.1": 0.0023141541380932913
  },
  "and_chr": {
    "71": 4.467860255945447
  },
  "and_ff": {
    "64": 0.11879324575545562
  },
  "ie_mob": {
    "10": 0,
    "11": 0
  },
  "and_uc": {
    "11.8": 0
  },
  "samsung": {
    "4": 0,
    "5.0-5.4": 0,
    "6.2-6.4": 0,
    "7.2-7.4": 0,
    "8.2": 0
  },
  "and_qq": {
    "1.2": 0
  },
  "baidu": {
    "7.12": 0
  }
}