{
  "ie": {
    "6": 0.000817467648717802,
    "7": 0,
    "8": 0.000817467648717802,
    "9": 0.000817467648717802,
    "10": 0.009809611784613623,
    "11": 3.03117004144561,
    "5.5": 0
  },
  "edge": {
    "12": 0,
    "13": 0.004904805892306812,
    "14": 0.0425083177333257,
    "15": 0.04659565597691471,
    "16": 0.1267074855512593,
    "17": 3.6442707779839614,
    "18": 0.5239967628281111
  },
  "firefox": {
    "2": 0,
    "3": 0,
    "4": 0,
    "5": 0,
    "6": 0,
    "7": 0,
    "8": 0,
    "9": 0,
    "10": 0,
    "11": 0,
    "12": 0,
    "13": 0,
    "14": 0,
    "15": 0,
    "16": 0,
    "17": 0,
    "18": 0,
    "19": 0,
    "20": 0,
    "21": 0,
    "22": 0,
    "23": 0,
    "24": 0,
    "25": 0,
    "26": 0,
    "27": 0,
    "28": 0,
    "29": 0,
    "30": 0,
    "31": 0,
    "32": 0,
    "33": 0,
    "34": 0,
    "35": 0,
    "36": 0,
    "37": 0,
    "38": 0,
    "39": 0,
    "40": 0,
    "41": 0,
    "42": 0,
    "43": 0,
    "44": 0,
    "45": 0.013896950028202633,
    "46": 0,
    "47": 0.002452402946153406,
    "48": 0.05477033246409273,
    "49": 0,
    "50": 0.002452402946153406,
    "51": 0,
    "52": 0.0768419589794734,
    "53": 0,
    "54": 0.003269870594871208,
    "55": 0,
    "56": 0.000817467648717802,
    "57": 0.002452402946153406,
    "58": 0,
    "59": 0.001634935297435604,
    "60": 0.1258900179025415,
    "61": 0.0425083177333257,
    "62": 0.011444547082049228,
    "63": 0.10954066492818545,
    "64": 2.180186219130378,
    "65": 1.796793891881729,
    "66": 0.11608040611792787,
    "67": 0.001634935297435604,
    "68": 0,
    "3.5": 0,
    "3.6": 0
  },
  "chrome": {
    "4": 0,
    "5": 0,
    "6": 0,
    "7": 0,
    "8": 0,
    "9": 0,
    "10": 0,
    "11": 0,
    "12": 0,
    "13": 0,
    "14": 0,
    "15": 0,
    "16": 0,
    "17": 0,
    "18": 0,
    "19": 0,
    "20": 0,
    "21": 0,
    "22": 0,
    "23": 0,
    "24": 0,
    "25": 0,
    "26": 0,
    "27": 0.06294500895127075,
    "28": 0,
    "29": 0.000817467648717802,
    "30": 0.000817467648717802,
    "31": 0.000817467648717802,
    "32": 0,
    "33": 0,
    "34": 0,
    "35": 0,
    "36": 0,
    "37": 0,
    "38": 0,
    "39": 0.002452402946153406,
    "40": 0.000817467648717802,
    "41": 0,
    "42": 0,
    "43": 0.000817467648717802,
    "44": 0.001634935297435604,
    "45": 0,
    "46": 0,
    "47": 0,
    "48": 0.002452402946153406,
    "49": 0.23624815047944475,
    "50": 0.000817467648717802,
    "51": 0,
    "52": 0.001634935297435604,
    "53": 0,
    "54": 0.000817467648717802,
    "55": 0.0073572088384602176,
    "56": 0.006539741189742416,
    "57": 0.2893835476461019,
    "58": 0.03024630300255867,
    "59": 0.048230591274350317,
    "60": 0.02452402946153406,
    "61": 0.017166820623073842,
    "62": 0.039238447138454494,
    "63": 0.09237384430511163,
    "64": 0.017984288271791642,
    "65": 0.15858872385125358,
    "66": 0.07030221778973098,
    "67": 0.19455730039483687,
    "68": 0.19373983274611906,
    "69": 0.17902541506919864,
    "70": 0.9310956518895765,
    "71": 28.03096567453343,
    "72": 23.547973088965005,
    "73": 2.2423137604329306,
    "74": 0.005722273541024614,
    "75": 0.000817467648717802,
    "76": 0
  },
  "safari": {
    "4": 0,
    "5": 0,
    "6": 0,
    "7": 0.010627079433331426,
    "8": 0.002452402946153406,
    "9": 0.0073572088384602176,
    "10": 0.09319131195382942,
    "11": 0.22071626515380652,
    "12": 7.303255973644843,
    "3.1": 0.000817467648717802,
    "3.2": 0,
    "5.1": 0,
    "6.1": 0,
    "7.1": 0,
    "9.1": 0.1675808679871494,
    "10.1": 0.6335374277562965,
    "11.1": 1.3430993468433488,
    "12.1": 0.03188123829999428,
    "TP": 0
  },
  "opera": {
    "9": 0,
    "11": 0,
    "12": 0,
    "15": 0,
    "16": 0,
    "17": 0,
    "18": 0,
    "19": 0,
    "20": 0,
    "21": 0,
    "22": 0,
    "23": 0,
    "24": 0,
    "25": 0,
    "26": 0,
    "27": 0,
    "28": 0,
    "29": 0,
    "30": 0,
    "31": 0,
    "32": 0,
    "33": 0,
    "34": 0,
    "35": 0,
    "36": 0,
    "37": 0.000817467648717802,
    "38": 0,
    "39": 0,
    "40": 0,
    "41": 0,
    "42": 0,
    "43": 0,
    "44": 0,
    "45": 0,
    "46": 0,
    "47": 0,
    "48": 0,
    "49": 0,
    "50": 0,
    "51": 0,
    "52": 0,
    "53": 0,
    "54": 0,
    "55": 0,
    "56": 0.008992144135895821,
    "57": 0.09482624725126503,
    "58": 0.11444547082049226,
    "9.5-9.6": 0,
    "10.0-10.1": 0,
    "10.5": 0,
    "10.6": 0,
    "11.1": 0,
    "11.5": 0,
    "11.6": 0,
    "12.1": 0
  },
  "ios_saf": {
    "8": 0.008992144135895821,
    "3.2": 0,
    "4.0-4.1": 0,
    "4.2-4.3": 0,
    "5.0-5.1": 0.002452402946153406,
    "6.0-6.1": 0.000817467648717802,
    "7.0-7.1": 0.014714417676920435,
    "8.1-8.4": 0.027793900056405266,
    "9.0-9.2": 0.010627079433331426,
    "9.3": 0.1250725502538237,
    "10.0-10.2": 0.08338170016921581,
    "10.3": 0.44470240090248425,
    "11.0-11.2": 0.2893835476461019,
    "11.3-11.4": 1.2948687555689984,
    "12.0-12.1": 13.33616722118222,
    "12.2": 0.025341497110251864
  },
  "op_mini": {
    "all": 0.02043669121794505
  },
  "android": {
    "3": 0,
    "4": 0,
    "67": 0.21417652396406414,
    "2.1": 0,
    "2.2": 0,
    "2.3": 0,
    "4.1": 0,
    "4.2-4.3": 0,
    "4.4": 0,
    "4.4.3-4.4.4": 0
  },
  "bb": {
    "7": 0,
    "10": 0
  },
  "op_mob": {
    "10": 0,
    "11": 0,
    "12": 0,
    "46": 0,
    "11.1": 0,
    "11.5": 0,
    "12.1": 0
  },
  "and_chr": {
    "71": 4.230395082114626
  },
  "and_ff": {
    "64": 0.09482624725126503
  },
  "ie_mob": {
    "10": 0,
    "11": 0
  },
  "and_uc": {
    "11.8": 0
  },
  "samsung": {
    "4": 0,
    "5.0-5.4": 0,
    "6.2-6.4": 0,
    "7.2-7.4": 0,
    "8.2": 0
  },
  "and_qq": {
    "1.2": 0
  },
  "baidu": {
    "7.12": 0
  }
}