{
  "ie": {
    "6": 0,
    "7": 0.017737684978714776,
    "8": 0.0016893033313061692,
    "9": 0,
    "10": 0,
    "11": 2.9605040881140616,
    "5.5": 0
  },
  "edge": {
    "12": 0,
    "13": 0.0076018649908777625,
    "14": 0.038009324954388815,
    "15": 0.009291168322183931,
    "16": 0.07939725657138995,
    "17": 1.6141293330630448,
    "18": 1.5516251098047167,
    "76": 0
  },
  "firefox": {
    "2": 0,
    "3": 0,
    "4": 0,
    "5": 0,
    "6": 0,
    "7": 0,
    "8": 0,
    "9": 0,
    "10": 0,
    "11": 0,
    "12": 0,
    "13": 0,
    "14": 0,
    "15": 0,
    "16": 0,
    "17": 0,
    "18": 0,
    "19": 0,
    "20": 0,
    "21": 0,
    "22": 0,
    "23": 0,
    "24": 0,
    "25": 0,
    "26": 0,
    "27": 0,
    "28": 0,
    "29": 0,
    "30": 0,
    "31": 0,
    "32": 0,
    "33": 0,
    "34": 0,
    "35": 0,
    "36": 0,
    "37": 0,
    "38": 0.0008446516656530846,
    "39": 0.004223258328265423,
    "40": 0,
    "41": 0,
    "42": 0,
    "43": 0,
    "44": 0,
    "45": 0,
    "46": 0,
    "47": 0,
    "48": 0.012669774984796269,
    "49": 0,
    "50": 0.006757213325224677,
    "51": 0,
    "52": 0.0988242448814109,
    "53": 0,
    "54": 0,
    "55": 0,
    "56": 0.0008446516656530846,
    "57": 0.011825123319143186,
    "58": 0,
    "59": 0.006757213325224677,
    "60": 0.209473613081965,
    "61": 0.024494898303939455,
    "62": 0.0008446516656530846,
    "63": 0.04223258328265424,
    "64": 0.011825123319143186,
    "65": 0.05236840327049125,
    "66": 1.8480978444489493,
    "67": 2.310122305561187,
    "68": 0.42232583282654235,
    "69": 0,
    "70": 0,
    "3.5": 0,
    "3.6": 0
  },
  "chrome": {
    "4": 0,
    "5": 0,
    "6": 0,
    "7": 0,
    "8": 0,
    "9": 0,
    "10": 0,
    "11": 0,
    "12": 0,
    "13": 0,
    "14": 0,
    "15": 0,
    "16": 0,
    "17": 0,
    "18": 0,
    "19": 0,
    "20": 0,
    "21": 0,
    "22": 0,
    "23": 0,
    "24": 0,
    "25": 0,
    "26": 0,
    "27": 0.05236840327049125,
    "28": 0,
    "29": 0,
    "30": 0,
    "31": 0,
    "32": 0,
    "33": 0,
    "34": 0,
    "35": 0,
    "36": 0,
    "37": 0,
    "38": 0,
    "39": 0,
    "40": 0.002533954996959254,
    "41": 0.0016893033313061692,
    "42": 0,
    "43": 0.0008446516656530846,
    "44": 0,
    "45": 0.03632002162308264,
    "46": 0,
    "47": 0,
    "48": 0.0008446516656530846,
    "49": 0.3175890262855598,
    "50": 0,
    "51": 0,
    "52": 0,
    "53": 0,
    "54": 0,
    "55": 0.017737684978714776,
    "56": 0.008446516656530846,
    "57": 0.4054327995134806,
    "58": 0.004223258328265423,
    "59": 0.021960943306980202,
    "60": 0.02365024663828637,
    "61": 0.002533954996959254,
    "62": 0.012669774984796269,
    "63": 0.03040745996351105,
    "64": 0.03632002162308264,
    "65": 0.04898979660787891,
    "66": 0.027028853300898707,
    "67": 0.15034799648624908,
    "68": 0.08530981823096155,
    "69": 0.039698628285694974,
    "70": 0.049834448273532,
    "71": 0.1925805797689033,
    "72": 0.24579363470504764,
    "73": 6.8104263801608225,
    "74": 22.492229204675994,
    "75": 15.26032164335428,
    "76": 1.9823974592877898,
    "77": 0.23396851138590444,
    "78": 0
  },
  "safari": {
    "4": 0,
    "5": 0,
    "6": 0,
    "7": 0,
    "8": 0.013514426650449354,
    "9": 0.0033786066626123384,
    "10": 0.07264004324616528,
    "11": 0.1157172781944726,
    "12": 1.148726265288195,
    "13": 0,
    "3.1": 0,
    "3.2": 0,
    "5.1": 0,
    "6.1": 0,
    "7.1": 0,
    "9.1": 0.10980471653490101,
    "10.1": 0.4409081694709102,
    "11.1": 0.6883911075072641,
    "12.1": 5.2300831137239,
    "TP": 0
  },
  "opera": {
    "9": 0,
    "11": 0,
    "12": 0,
    "15": 0,
    "16": 0,
    "17": 0,
    "18": 0,
    "19": 0,
    "20": 0,
    "21": 0,
    "22": 0,
    "23": 0,
    "24": 0,
    "25": 0,
    "26": 0,
    "27": 0,
    "28": 0,
    "29": 0,
    "30": 0,
    "31": 0,
    "32": 0,
    "33": 0,
    "34": 0,
    "35": 0,
    "36": 0,
    "37": 0,
    "38": 0,
    "39": 0,
    "40": 0,
    "41": 0,
    "42": 0,
    "43": 0,
    "44": 0,
    "45": 0.0008446516656530846,
    "46": 0,
    "47": 0,
    "48": 0,
    "49": 0,
    "50": 0,
    "51": 0,
    "52": 0,
    "53": 0,
    "54": 0,
    "55": 0,
    "56": 0,
    "57": 0,
    "58": 0.037164673288735725,
    "60": 0.11064936820055409,
    "62": 0.027028853300898707,
    "9.5-9.6": 0,
    "10.0-10.1": 0,
    "10.5": 0,
    "10.6": 0,
    "11.1": 0,
    "11.5": 0,
    "11.6": 0,
    "12.1": 0.0033786066626123384
  },
  "ios_saf": {
    "8": 0.0033786066626123384,
    "13": 0.0033786066626123384,
    "3.2": 0,
    "4.0-4.1": 0,
    "4.2-4.3": 0,
    "5.0-5.1": 0.0008446516656530846,
    "6.0-6.1": 0.0008446516656530846,
    "7.0-7.1": 0.008446516656530846,
    "8.1-8.4": 0.03463071829177647,
    "9.0-9.2": 0.03209676329481722,
    "9.3": 0.38600581120345967,
    "10.0-10.2": 0.11909588485708494,
    "10.3": 0.6968376241637948,
    "11.0-11.2": 0.30998716129468207,
    "11.3-11.4": 1.307520778430975,
    "12.0-12.1": 3.5813230623690786,
    "12.2-12.3": 16.877829583079937
  },
  "op_mini": {
    "all": 0.040543279951348064
  },
  "android": {
    "3": 0,
    "4": 0,
    "67": 0.46202446111223733,
    "2.1": 0,
    "2.2": 0,
    "2.3": 0,
    "4.1": 0,
    "4.2-4.3": 0,
    "4.4": 0,
    "4.4.3-4.4.4": 0
  },
  "bb": {
    "7": 0,
    "10": 0
  },
  "op_mob": {
    "10": 0,
    "11": 0,
    "12": 0,
    "46": 0,
    "11.1": 0,
    "11.5": 0,
    "12.1": 0
  },
  "and_chr": {
    "75": 6.0240556794378
  },
  "and_ff": {
    "67": 0.15288195148320832
  },
  "ie_mob": {
    "10": 0,
    "11": 0
  },
  "and_uc": {
    "11.8": 0
  },
  "samsung": {
    "4": 0,
    "5.0-5.4": 0,
    "6.2-6.4": 0,
    "7.2-7.4": 0,
    "8.2": 0,
    "9.2": 0
  },
  "and_qq": {
    "1.2": 0
  },
  "baidu": {
    "7.12": 0
  },
  "kaios": {
    "2.5": 0
  }
}