{
  "ie": {
    "6": 0.0008163065394316874,
    "7": 0,
    "8": 0.0008163065394316874,
    "9": 0.0008163065394316874,
    "10": 0.009795678473180249,
    "11": 3.0456396986196257,
    "5.5": 0
  },
  "edge": {
    "12": 0,
    "13": 0.004897839236590124,
    "14": 0.04244794005044774,
    "15": 0.04652947274760618,
    "16": 0.12652751361191156,
    "17": 3.639094552786462,
    "18": 0.5232524917757116
  },
  "firefox": {
    "2": 0,
    "3": 0,
    "4": 0,
    "5": 0,
    "6": 0,
    "7": 0,
    "8": 0,
    "9": 0,
    "10": 0,
    "11": 0,
    "12": 0,
    "13": 0,
    "14": 0,
    "15": 0,
    "16": 0,
    "17": 0,
    "18": 0,
    "19": 0,
    "20": 0,
    "21": 0,
    "22": 0,
    "23": 0,
    "24": 0,
    "25": 0,
    "26": 0,
    "27": 0,
    "28": 0,
    "29": 0,
    "30": 0,
    "31": 0,
    "32": 0,
    "33": 0,
    "34": 0,
    "35": 0,
    "36": 0,
    "37": 0,
    "38": 0,
    "39": 0,
    "40": 0,
    "41": 0,
    "42": 0,
    "43": 0,
    "44": 0,
    "45": 0.013877211170338686,
    "46": 0,
    "47": 0.002448919618295062,
    "48": 0.054692538141923056,
    "49": 0,
    "50": 0.002448919618295062,
    "51": 0,
    "52": 0.07673281470657861,
    "53": 0,
    "54": 0.0032652261577267496,
    "55": 0,
    "56": 0.0008163065394316874,
    "57": 0.002448919618295062,
    "58": 0,
    "59": 0.0016326130788633748,
    "60": 0.12571120707247985,
    "61": 0.04244794005044774,
    "62": 0.011428291552043624,
    "63": 0.10938507628384611,
    "64": 2.1770895406643103,
    "65": 1.7942417736708487,
    "66": 0.1167318351387313,
    "67": 0.0016326130788633748,
    "68": 0,
    "3.5": 0,
    "3.6": 0
  },
  "chrome": {
    "4": 0,
    "5": 0,
    "6": 0,
    "7": 0,
    "8": 0,
    "9": 0,
    "10": 0,
    "11": 0,
    "12": 0,
    "13": 0,
    "14": 0,
    "15": 0,
    "16": 0,
    "17": 0,
    "18": 0,
    "19": 0,
    "20": 0,
    "21": 0,
    "22": 0,
    "23": 0,
    "24": 0,
    "25": 0,
    "26": 0,
    "27": 0.06285560353623992,
    "28": 0,
    "29": 0.0008163065394316874,
    "30": 0.0008163065394316874,
    "31": 0.0008163065394316874,
    "32": 0,
    "33": 0,
    "34": 0,
    "35": 0,
    "36": 0,
    "37": 0,
    "38": 0,
    "39": 0.002448919618295062,
    "40": 0.0008163065394316874,
    "41": 0,
    "42": 0,
    "43": 0.0008163065394316874,
    "44": 0.0016326130788633748,
    "45": 0,
    "46": 0,
    "47": 0,
    "48": 0.002448919618295062,
    "49": 0.23591258989575764,
    "50": 0.0008163065394316874,
    "51": 0,
    "52": 0.0016326130788633748,
    "53": 0,
    "54": 0.0008163065394316874,
    "55": 0.007346758854885186,
    "56": 0.006530452315453499,
    "57": 0.2889725149588174,
    "58": 0.030203341958972434,
    "59": 0.04816208582646956,
    "60": 0.024489196182950625,
    "61": 0.017142437328065436,
    "62": 0.039182713892720995,
    "63": 0.09224263895578068,
    "64": 0.017958743867497122,
    "65": 0.15836346864974735,
    "66": 0.07020236239112512,
    "67": 0.1942809563847416,
    "68": 0.1934646498453099,
    "69": 0.17877113213553955,
    "70": 0.9297731484126919,
    "71": 27.992783850191422,
    "72": 23.525954466421233,
    "73": 2.333820396235194,
    "74": 0.005714145776021812,
    "75": 0.0008163065394316874,
    "76": 0
  },
  "safari": {
    "4": 0,
    "5": 0,
    "6": 0,
    "7": 0.010611985012611935,
    "8": 0.002448919618295062,
    "9": 0.007346758854885186,
    "10": 0.09305894549521236,
    "11": 0.2204027656465556,
    "12": 7.292882623282695,
    "3.1": 0.0008163065394316874,
    "3.2": 0,
    "5.1": 0,
    "6.1": 0,
    "7.1": 0,
    "9.1": 0.1673428405834959,
    "10.1": 0.6326375680595577,
    "11.1": 1.3411916442862624,
    "12.1": 0.0318359550378358,
    "TP": 0
  },
  "opera": {
    "9": 0,
    "11": 0,
    "12": 0,
    "15": 0,
    "16": 0,
    "17": 0,
    "18": 0,
    "19": 0,
    "20": 0,
    "21": 0,
    "22": 0,
    "23": 0,
    "24": 0,
    "25": 0,
    "26": 0,
    "27": 0,
    "28": 0,
    "29": 0,
    "30": 0,
    "31": 0,
    "32": 0,
    "33": 0,
    "34": 0,
    "35": 0,
    "36": 0,
    "37": 0.0008163065394316874,
    "38": 0,
    "39": 0,
    "40": 0,
    "41": 0,
    "42": 0,
    "43": 0,
    "44": 0,
    "45": 0,
    "46": 0,
    "47": 0,
    "48": 0,
    "49": 0,
    "50": 0,
    "51": 0,
    "52": 0,
    "53": 0,
    "54": 0,
    "55": 0,
    "56": 0.008979371933748561,
    "57": 0.09469155857407573,
    "58": 0.11428291552043623,
    "9.5-9.6": 0,
    "10.0-10.1": 0,
    "10.5": 0,
    "10.6": 0,
    "11.1": 0,
    "11.5": 0,
    "11.6": 0,
    "12.1": 0
  },
  "ios_saf": {
    "8": 0.008979371933748561,
    "3.2": 0,
    "4.0-4.1": 0,
    "4.2-4.3": 0,
    "5.0-5.1": 0.002448919618295062,
    "6.0-6.1": 0.0008163065394316874,
    "7.0-7.1": 0.014693517709770372,
    "8.1-8.4": 0.027754422340677373,
    "9.0-9.2": 0.010611985012611935,
    "9.3": 0.12489490053304818,
    "10.0-10.2": 0.08326326702203211,
    "10.3": 0.44407075745083796,
    "11.0-11.2": 0.2889725149588174,
    "11.3-11.4": 1.2930295584597928,
    "12.0-12.1": 13.331918401998319,
    "12.2": 0.02530550272238231
  },
  "op_mini": {
    "all": 0.020407663485792184
  },
  "android": {
    "3": 0,
    "4": 0,
    "67": 0.2138723133311021,
    "2.1": 0,
    "2.2": 0,
    "2.3": 0,
    "4.1": 0,
    "4.2-4.3": 0,
    "4.4": 0,
    "4.4.3-4.4.4": 0
  },
  "bb": {
    "7": 0,
    "10": 0
  },
  "op_mob": {
    "10": 0,
    "11": 0,
    "12": 0,
    "46": 0,
    "11.1": 0,
    "11.5": 0,
    "12.1": 0
  },
  "and_chr": {
    "71": 4.224386341558982
  },
  "and_ff": {
    "64": 0.09469155857407573
  },
  "ie_mob": {
    "10": 0,
    "11": 0
  },
  "and_uc": {
    "11.8": 0
  },
  "samsung": {
    "4": 0,
    "5.0-5.4": 0,
    "6.2-6.4": 0,
    "7.2-7.4": 0,
    "8.2": 0
  },
  "and_qq": {
    "1.2": 0
  },
  "baidu": {
    "7.12": 0
  }
}