{
  "ie": {
    "6": 0.003856417850586947,
    "7": 0.0007712835701173893,
    "8": 0.005398984990821726,
    "9": 0.0023138507103521683,
    "10": 0.005398984990821726,
    "11": 3.129868727536366,
    "5.5": 0
  },
  "edge": {
    "12": 0,
    "13": 0.003085134280469557,
    "14": 0.059388834899038984,
    "15": 0.07250065559103461,
    "16": 0.12649050549925187,
    "17": 4.097829608033689,
    "18": 0.20593271322134296
  },
  "firefox": {
    "2": 0,
    "3": 0,
    "4": 0,
    "5": 0,
    "6": 0,
    "7": 0,
    "8": 0,
    "9": 0,
    "10": 0,
    "11": 0,
    "12": 0,
    "13": 0,
    "14": 0,
    "15": 0,
    "16": 0,
    "17": 0,
    "18": 0,
    "19": 0,
    "20": 0,
    "21": 0,
    "22": 0,
    "23": 0,
    "24": 0,
    "25": 0,
    "26": 0,
    "27": 0,
    "28": 0,
    "29": 0,
    "30": 0,
    "31": 0,
    "32": 0,
    "33": 0.0015425671402347785,
    "34": 0,
    "35": 0,
    "36": 0,
    "37": 0,
    "38": 0.006170268560939114,
    "39": 0,
    "40": 0,
    "41": 0,
    "42": 0,
    "43": 0,
    "44": 0,
    "45": 0.016196954972465177,
    "46": 0,
    "47": 0.0007712835701173893,
    "48": 0.08561247628303022,
    "49": 0,
    "50": 0.0023138507103521683,
    "51": 0,
    "52": 0.08484119271291284,
    "53": 0.0015425671402347785,
    "54": 0.0023138507103521683,
    "55": 0,
    "56": 0.0007712835701173893,
    "57": 0.013111820691995619,
    "58": 0,
    "59": 0.007712835701173894,
    "60": 0.1473151618924214,
    "61": 0.055532417048452035,
    "62": 0.07867092415197371,
    "63": 1.0011260740123713,
    "64": 2.670183719746402,
    "65": 0.9116571798787542,
    "66": 0.016196954972465177,
    "67": 0.0015425671402347785,
    "3.5": 0,
    "3.6": 0
  },
  "chrome": {
    "4": 0,
    "5": 0,
    "6": 0,
    "7": 0,
    "8": 0,
    "9": 0,
    "10": 0,
    "11": 0,
    "12": 0,
    "13": 0,
    "14": 0,
    "15": 0,
    "16": 0,
    "17": 0,
    "18": 0,
    "19": 0,
    "20": 0,
    "21": 0,
    "22": 0,
    "23": 0,
    "24": 0,
    "25": 0,
    "26": 0,
    "27": 0.05630370061856943,
    "28": 0,
    "29": 0.0007712835701173893,
    "30": 0,
    "31": 0.0007712835701173893,
    "32": 0,
    "33": 0,
    "34": 0,
    "35": 0,
    "36": 0,
    "37": 0,
    "38": 0,
    "39": 0.0023138507103521683,
    "40": 0.0015425671402347785,
    "41": 0,
    "42": 0,
    "43": 0.0007712835701173893,
    "44": 0.0007712835701173893,
    "45": 0.0023138507103521683,
    "46": 0.0007712835701173893,
    "47": 0,
    "48": 0.0023138507103521683,
    "49": 0.28768877165378626,
    "50": 0.0007712835701173893,
    "51": 0,
    "52": 0.012340537121878228,
    "53": 0,
    "54": 0.009255402841408673,
    "55": 0.007712835701173894,
    "56": 0.013883104262113009,
    "57": 0.32008268159871656,
    "58": 0.03470776065528252,
    "59": 0.049362148487512914,
    "60": 0.020824656393169515,
    "61": 0.015425671402347787,
    "62": 0.03470776065528252,
    "63": 0.06324525274962593,
    "64": 0.03933546207598686,
    "65": 0.12649050549925187,
    "66": 0.07250065559103461,
    "67": 0.18510805682817347,
    "68": 0.19744859395005165,
    "69": 0.24835330957779936,
    "70": 9.537692628071637,
    "71": 32.82737131133633,
    "72": 9.742854057722862,
    "73": 0.023909790673639072,
    "74": 0.003856417850586947,
    "75": 0
  },
  "safari": {
    "4": 0,
    "5": 0,
    "6": 0,
    "7": 0.010026686411526061,
    "8": 0.0023138507103521683,
    "9": 0.006170268560939114,
    "10": 0.12186280407854753,
    "11": 0.2028475789408734,
    "12": 7.626451941320746,
    "3.1": 0.0007712835701173893,
    "3.2": 0,
    "5.1": 0,
    "6.1": 0,
    "7.1": 0,
    "9.1": 0.17739522112699954,
    "10.1": 0.6879849445447113,
    "11.1": 1.3096395020593272,
    "12.1": 0.0007712835701173893,
    "TP": 0
  },
  "opera": {
    "9": 0,
    "11": 0,
    "12": 0,
    "15": 0,
    "16": 0,
    "17": 0,
    "18": 0,
    "19": 0,
    "20": 0,
    "21": 0,
    "22": 0,
    "23": 0,
    "24": 0,
    "25": 0,
    "26": 0,
    "27": 0,
    "28": 0,
    "29": 0,
    "30": 0,
    "31": 0,
    "32": 0,
    "33": 0,
    "34": 0,
    "35": 0,
    "36": 0,
    "37": 0.0007712835701173893,
    "38": 0,
    "39": 0,
    "40": 0,
    "41": 0,
    "42": 0,
    "43": 0,
    "44": 0,
    "45": 0,
    "46": 0,
    "47": 0,
    "48": 0,
    "49": 0,
    "50": 0,
    "51": 0,
    "52": 0,
    "53": 0,
    "54": 0,
    "55": 0,
    "56": 0.05861755132892159,
    "57": 0.07250065559103461,
    "9.5-9.6": 0,
    "10.0-10.1": 0,
    "10.5": 0,
    "10.6": 0,
    "11.1": 0,
    "11.5": 0,
    "11.6": 0,
    "12.1": 0
  },
  "ios_saf": {
    "8": 0.008484119271291283,
    "3.2": 0,
    "4.0-4.1": 0,
    "4.2-4.3": 0,
    "5.0-5.1": 0.0046277014207043365,
    "6.0-6.1": 0.0007712835701173893,
    "7.0-7.1": 0.021595939963286903,
    "8.1-8.4": 0.04627701420704337,
    "9.0-9.2": 0.012340537121878228,
    "9.3": 0.1797090718373517,
    "10.0-10.2": 0.14654387832230398,
    "10.3": 0.6409366467675506,
    "11.0-11.2": 0.3524765915436469,
    "11.3-11.4": 1.8688200903944345,
    "12.0-12.1": 13.35708886729295,
    "12.2": 0.012340537121878228
  },
  "op_mini": {
    "all": 0.013111820691995619
  },
  "android": {
    "3": 0,
    "4": 0,
    "67": 0.1959060268098169,
    "2.1": 0,
    "2.2": 0,
    "2.3": 0,
    "4.1": 0,
    "4.2-4.3": 0,
    "4.4": 0,
    "4.4.3-4.4.4": 0
  },
  "bb": {
    "7": 0,
    "10": 0
  },
  "op_mob": {
    "10": 0.0015425671402347785,
    "11": 0.0015425671402347785,
    "12": 0.0015425671402347785,
    "46": 0.0015425671402347785,
    "11.1": 0.0015425671402347785,
    "11.5": 0.0015425671402347785,
    "12.1": 0.0015425671402347785
  },
  "and_chr": {
    "71": 4.477301124531445
  },
  "and_ff": {
    "64": 0.1164638190877258
  },
  "ie_mob": {
    "10": 0,
    "11": 0
  },
  "and_uc": {
    "11.8": 0
  },
  "samsung": {
    "4": 0,
    "5.0-5.4": 0,
    "6.2-6.4": 0,
    "7.2-7.4": 0,
    "8.2": 0
  },
  "and_qq": {
    "1.2": 0
  },
  "baidu": {
    "7.12": 0
  }
}