{
  "ie": {
    "6": 0.003104384943733023,
    "7": 0.0007760962359332558,
    "8": 0.0015521924718665116,
    "9": 0.002328288707799767,
    "10": 0.006208769887466046,
    "11": 3.1563833915405506,
    "5.5": 0
  },
  "edge": {
    "12": 0,
    "13": 0.003104384943733023,
    "14": 0.05277454404346139,
    "15": 0.06286379511059371,
    "16": 0.10942956926658905,
    "17": 3.93325572370974,
    "18": 0.37252619324796277
  },
  "firefox": {
    "2": 0,
    "3": 0,
    "4": 0,
    "5": 0,
    "6": 0,
    "7": 0,
    "8": 0,
    "9": 0,
    "10": 0,
    "11": 0,
    "12": 0,
    "13": 0,
    "14": 0,
    "15": 0,
    "16": 0,
    "17": 0,
    "18": 0,
    "19": 0,
    "20": 0,
    "21": 0,
    "22": 0,
    "23": 0,
    "24": 0,
    "25": 0,
    "26": 0,
    "27": 0,
    "28": 0,
    "29": 0,
    "30": 0,
    "31": 0,
    "32": 0,
    "33": 0.0015521924718665116,
    "34": 0,
    "35": 0,
    "36": 0,
    "37": 0,
    "38": 0,
    "39": 0,
    "40": 0,
    "41": 0,
    "42": 0,
    "43": 0,
    "44": 0,
    "45": 0.013193636010865347,
    "46": 0,
    "47": 0.0015521924718665116,
    "48": 0.07760962359332557,
    "49": 0,
    "50": 0.002328288707799767,
    "51": 0,
    "52": 0.09390764454792394,
    "53": 0,
    "54": 0.002328288707799767,
    "55": 0,
    "56": 0.0007760962359332558,
    "57": 0.002328288707799767,
    "58": 0,
    "59": 0.007760962359332557,
    "60": 0.13038416763678695,
    "61": 0.048894062863795114,
    "62": 0.022506790842064413,
    "63": 0.23981373690337598,
    "64": 2.679084206441599,
    "65": 1.2953046177726038,
    "66": 0.015521924718665115,
    "67": 0.0015521924718665116,
    "3.5": 0,
    "3.6": 0
  },
  "chrome": {
    "4": 0,
    "5": 0,
    "6": 0,
    "7": 0,
    "8": 0,
    "9": 0,
    "10": 0,
    "11": 0,
    "12": 0,
    "13": 0,
    "14": 0,
    "15": 0,
    "16": 0,
    "17": 0,
    "18": 0,
    "19": 0,
    "20": 0,
    "21": 0,
    "22": 0,
    "23": 0,
    "24": 0,
    "25": 0,
    "26": 0,
    "27": 0.0613116026387272,
    "28": 0,
    "29": 0.0007760962359332558,
    "30": 0.0007760962359332558,
    "31": 0.0007760962359332558,
    "32": 0,
    "33": 0,
    "34": 0,
    "35": 0,
    "36": 0,
    "37": 0,
    "38": 0,
    "39": 0.002328288707799767,
    "40": 0.0015521924718665116,
    "41": 0,
    "42": 0,
    "43": 0.0007760962359332558,
    "44": 0.0007760962359332558,
    "45": 0,
    "46": 0.0007760962359332558,
    "47": 0,
    "48": 0.002328288707799767,
    "49": 0.2615444315095072,
    "50": 0.0007760962359332558,
    "51": 0,
    "52": 0.012417539774932092,
    "53": 0,
    "54": 0.008537058595265812,
    "55": 0.009313154831199068,
    "56": 0.004656577415599534,
    "57": 0.30034924330616997,
    "58": 0.034924330616996506,
    "59": 0.04501358168412883,
    "60": 0.023282887077997673,
    "61": 0.015521924718665115,
    "62": 0.03647652308886302,
    "63": 0.08769887466045789,
    "64": 0.03414823438106325,
    "65": 0.16220411331005044,
    "66": 0.06674427629025999,
    "67": 0.18703919285991463,
    "68": 0.18626309662398138,
    "69": 0.22118742724097787,
    "70": 3.5646100116414434,
    "71": 32.6371750097012,
    "72": 17.209934031819945,
    "73": 0.041133100504462554,
    "74": 0.0038804811796662787,
    "75": 0
  },
  "safari": {
    "4": 0,
    "5": 0,
    "6": 0,
    "7": 0.010089251067132324,
    "8": 0.002328288707799767,
    "9": 0.006984866123399301,
    "10": 0.09778812572759023,
    "11": 0.20488940628637953,
    "12": 7.4381063251843225,
    "3.1": 0.0007760962359332558,
    "3.2": 0,
    "5.1": 0,
    "6.1": 0,
    "7.1": 0,
    "9.1": 0.18238261544431508,
    "10.1": 0.646488164532402,
    "11.1": 1.3123787349631355,
    "12.1": 0.0007760962359332558,
    "TP": 0
  },
  "opera": {
    "9": 0,
    "11": 0,
    "12": 0,
    "15": 0,
    "16": 0,
    "17": 0,
    "18": 0,
    "19": 0,
    "20": 0,
    "21": 0,
    "22": 0,
    "23": 0,
    "24": 0,
    "25": 0,
    "26": 0,
    "27": 0,
    "28": 0,
    "29": 0,
    "30": 0,
    "31": 0,
    "32": 0,
    "33": 0,
    "34": 0,
    "35": 0,
    "36": 0,
    "37": 0.0007760962359332558,
    "38": 0,
    "39": 0,
    "40": 0,
    "41": 0,
    "42": 0,
    "43": 0,
    "44": 0,
    "45": 0,
    "46": 0,
    "47": 0,
    "48": 0,
    "49": 0,
    "50": 0,
    "51": 0,
    "52": 0,
    "53": 0,
    "54": 0,
    "55": 0,
    "56": 0.020954598370197905,
    "57": 0.0807140085370586,
    "58": 0.07062475746992627,
    "9.5-9.6": 0,
    "10.0-10.1": 0,
    "10.5": 0,
    "10.6": 0,
    "11.1": 0,
    "11.5": 0,
    "11.6": 0,
    "12.1": 0
  },
  "ios_saf": {
    "8": 0.008537058595265812,
    "3.2": 0,
    "4.0-4.1": 0,
    "4.2-4.3": 0,
    "5.0-5.1": 0.003104384943733023,
    "6.0-6.1": 0.0007760962359332558,
    "7.0-7.1": 0.023282887077997673,
    "8.1-8.4": 0.029491656965463714,
    "9.0-9.2": 0.012417539774932092,
    "9.3": 0.15521924718665114,
    "10.0-10.2": 0.0892510671323244,
    "10.3": 0.5347303065580132,
    "11.0-11.2": 0.2956926658905704,
    "11.3-11.4": 1.6864571206829646,
    "12.0-12.1": 13.528909584788515,
    "12.2": 0.014745828482731857
  },
  "op_mini": {
    "all": 0.01785021342646488
  },
  "android": {
    "3": 0,
    "4": 0,
    "67": 0.1893674815677144,
    "2.1": 0,
    "2.2": 0,
    "2.3": 0,
    "4.1": 0,
    "4.2-4.3": 0,
    "4.4": 0,
    "4.4.3-4.4.4": 0
  },
  "bb": {
    "7": 0,
    "10": 0
  },
  "op_mob": {
    "10": 0,
    "11": 0,
    "12": 0,
    "46": 0,
    "11.1": 0,
    "11.5": 0,
    "12.1": 0
  },
  "and_chr": {
    "71": 4.297244858362436
  },
  "and_ff": {
    "64": 0.1086534730306558
  },
  "ie_mob": {
    "10": 0,
    "11": 0
  },
  "and_uc": {
    "11.8": 0
  },
  "samsung": {
    "4": 0,
    "5.0-5.4": 0,
    "6.2-6.4": 0,
    "7.2-7.4": 0,
    "8.2": 0
  },
  "and_qq": {
    "1.2": 0
  },
  "baidu": {
    "7.12": 0
  }
}