{
  "ie": {
    "6": 0.007007162877608221,
    "7": 0.0007785736530675802,
    "8": 0.010900031142946123,
    "9": 0.006228589224540642,
    "10": 0.0054500155714730615,
    "11": 3.303488009965743,
    "5.5": 0
  },
  "edge": {
    "12": 0,
    "13": 0.004671441918405481,
    "14": 0.06306446589847399,
    "15": 0.06773590781687948,
    "16": 0.14715042042977267,
    "17": 4.44020554344441,
    "18": 0.10121457489878542
  },
  "firefox": {
    "2": 0,
    "3": 0,
    "4": 0,
    "5": 0,
    "6": 0,
    "7": 0,
    "8": 0,
    "9": 0,
    "10": 0,
    "11": 0,
    "12": 0,
    "13": 0,
    "14": 0,
    "15": 0,
    "16": 0,
    "17": 0,
    "18": 0,
    "19": 0,
    "20": 0,
    "21": 0,
    "22": 0,
    "23": 0,
    "24": 0,
    "25": 0,
    "26": 0,
    "27": 0,
    "28": 0,
    "29": 0,
    "30": 0,
    "31": 0,
    "32": 0,
    "33": 0.0015571473061351605,
    "34": 0,
    "35": 0,
    "36": 0,
    "37": 0,
    "38": 0.006228589224540642,
    "39": 0,
    "40": 0,
    "41": 0,
    "42": 0.0007785736530675802,
    "43": 0,
    "44": 0,
    "45": 0.0077857365306758025,
    "46": 0,
    "47": 0.012457178449081284,
    "48": 0.06773590781687948,
    "49": 0,
    "50": 0.012457178449081284,
    "51": 0,
    "52": 0.0981002802865151,
    "53": 0.026471504204297728,
    "54": 0.0023357209592027406,
    "55": 0,
    "56": 0,
    "57": 0.014014325755216443,
    "58": 0,
    "59": 0.016350046714419184,
    "60": 0.15260043600124573,
    "61": 0.0903145437558393,
    "62": 0.1689504827156649,
    "63": 2.288227966365618,
    "64": 2.435378386795391,
    "65": 0.013235752102148864,
    "66": 0.016350046714419184,
    "3.5": 0,
    "3.6": 0
  },
  "chrome": {
    "4": 0,
    "5": 0,
    "6": 0,
    "7": 0,
    "8": 0,
    "9": 0,
    "10": 0,
    "11": 0,
    "12": 0,
    "13": 0,
    "14": 0,
    "15": 0,
    "16": 0,
    "17": 0,
    "18": 0,
    "19": 0,
    "20": 0,
    "21": 0,
    "22": 0,
    "23": 0,
    "24": 0,
    "25": 0,
    "26": 0,
    "27": 0.05216443475552787,
    "28": 0,
    "29": 0.0007785736530675802,
    "30": 0,
    "31": 0,
    "32": 0,
    "33": 0,
    "34": 0,
    "35": 0.0015571473061351605,
    "36": 0,
    "37": 0.0023357209592027406,
    "38": 0,
    "39": 0.0038928682653379012,
    "40": 0.007007162877608221,
    "41": 0,
    "42": 0,
    "43": 0,
    "44": 0,
    "45": 0.0077857365306758025,
    "46": 0.0007785736530675802,
    "47": 0,
    "48": 0.007007162877608221,
    "49": 0.32388663967611336,
    "50": 0,
    "51": 0.011678604796013703,
    "52": 0.017128620367486764,
    "53": 0.0007785736530675802,
    "54": 0.009342883836810962,
    "55": 0.010900031142946123,
    "56": 0.016350046714419184,
    "57": 0.344908128308938,
    "58": 0.03192151977577078,
    "59": 0.011678604796013703,
    "60": 0.014792899408284025,
    "61": 0.0077857365306758025,
    "62": 0.019464341326689505,
    "63": 0.07863593895982561,
    "64": 0.04515727187791965,
    "65": 0.09732170663344752,
    "66": 0.09654313298037993,
    "67": 0.22111491747119275,
    "68": 0.2927436935534101,
    "69": 1.2472749922142634,
    "70": 22.70242914979757,
    "71": 27.387885393958268,
    "72": 0.20165057614450324,
    "73": 0.007007162877608221,
    "74": 0
  },
  "safari": {
    "4": 0,
    "5": 0,
    "6": 0,
    "7": 0,
    "8": 0.0015571473061351605,
    "9": 0.0007785736530675802,
    "10": 0.1097788850825288,
    "11": 0.21488632824665216,
    "12": 7.2461849890999686,
    "3.1": 0,
    "3.2": 0,
    "5.1": 0,
    "6.1": 0,
    "7.1": 0,
    "9.1": 0.20009342883836814,
    "10.1": 0.6610090314543755,
    "11.1": 1.3640610401744004,
    "TP": 0
  },
  "opera": {
    "9": 0,
    "11": 0,
    "12": 0,
    "15": 0,
    "16": 0,
    "17": 0,
    "18": 0,
    "19": 0,
    "20": 0,
    "21": 0,
    "22": 0,
    "23": 0,
    "24": 0,
    "25": 0,
    "26": 0,
    "27": 0,
    "28": 0,
    "29": 0,
    "30": 0,
    "31": 0,
    "32": 0,
    "33": 0,
    "34": 0,
    "35": 0,
    "36": 0,
    "37": 0,
    "38": 0,
    "39": 0,
    "40": 0,
    "41": 0,
    "42": 0,
    "43": 0,
    "44": 0,
    "45": 0,
    "46": 0,
    "47": 0,
    "48": 0,
    "49": 0,
    "50": 0,
    "51": 0,
    "52": 0,
    "53": 0,
    "54": 0,
    "55": 0,
    "56": 0.09654313298037993,
    "57": 0.06072874493927126,
    "9.5-9.6": 0,
    "10.0-10.1": 0,
    "10.5": 0,
    "10.6": 0,
    "11.1": 0,
    "11.5": 0,
    "11.6": 0,
    "12.1": 0
  },
  "ios_saf": {
    "8": 0.008564310183743382,
    "3.2": 0,
    "4.0-4.1": 0,
    "4.2-4.3": 0,
    "5.0-5.1": 0.009342883836810962,
    "6.0-6.1": 0,
    "7.0-7.1": 0.015571473061351605,
    "8.1-8.4": 0.052943008408595456,
    "9.0-9.2": 0.010121457489878543,
    "9.3": 0.22812208034880102,
    "10.0-10.2": 0.16972905636873248,
    "10.3": 0.8027094363126751,
    "11.0-11.2": 0.4687013391466832,
    "11.3-11.4": 2.3263780753659296,
    "12.0-12.1": 12.835565244472127
  },
  "op_mini": {
    "all": 0.013235752102148864
  },
  "android": {
    "3": 0,
    "4": 0,
    "67": 0.17829336655247585,
    "2.1": 0,
    "2.2": 0.0007785736530675802,
    "2.3": 0,
    "4.1": 0,
    "4.2-4.3": 0,
    "4.4": 0,
    "4.4.3-4.4.4": 0
  },
  "bb": {
    "7": 0,
    "10": 0
  },
  "op_mob": {
    "10": 0.0023357209592027406,
    "11": 0.0023357209592027406,
    "12": 0.0023357209592027406,
    "46": 0.0023357209592027406,
    "11.1": 0.0023357209592027406,
    "11.5": 0.0023357209592027406,
    "12.1": 0.0023357209592027406
  },
  "and_chr": {
    "70": 4.5219557770165055
  },
  "and_ff": {
    "63": 0.10744316412332608
  },
  "ie_mob": {
    "10": 0,
    "11": 0
  },
  "and_uc": {
    "11.8": 0
  },
  "samsung": {
    "4": 0,
    "5": 0,
    "6.2": 0,
    "7.2": 0
  },
  "and_qq": {
    "1.2": 0
  },
  "baidu": {
    "7.12": 0
  }
}