{
  "ie": {
    "6": 0,
    "7": 0.0037282132537981173,
    "8": 0,
    "9": 0,
    "10": 0,
    "11": 2.7448970081088637,
    "5.5": 0
  },
  "edge": {
    "12": 0,
    "13": 0,
    "14": 0.013048746388293411,
    "15": 0.01398079970174294,
    "16": 0.05312703886662317,
    "17": 0.9739957125547581,
    "18": 2.440115574610868,
    "76": 0
  },
  "firefox": {
    "2": 0,
    "3": 0,
    "4": 0,
    "5": 0,
    "6": 0,
    "7": 0,
    "8": 0,
    "9": 0,
    "10": 0,
    "11": 0,
    "12": 0,
    "13": 0,
    "14": 0,
    "15": 0,
    "16": 0,
    "17": 0,
    "18": 0,
    "19": 0,
    "20": 0,
    "21": 0,
    "22": 0,
    "23": 0,
    "24": 0,
    "25": 0,
    "26": 0,
    "27": 0,
    "28": 0,
    "29": 0,
    "30": 0,
    "31": 0,
    "32": 0,
    "33": 0,
    "34": 0,
    "35": 0,
    "36": 0,
    "37": 0,
    "38": 0,
    "39": 0,
    "40": 0,
    "41": 0,
    "42": 0,
    "43": 0.0018641066268990586,
    "44": 0,
    "45": 0,
    "46": 0.0009320533134495293,
    "47": 0,
    "48": 0.039146239164880234,
    "49": 0,
    "50": 0,
    "51": 0,
    "52": 0.06337962531456799,
    "53": 0.0009320533134495293,
    "54": 0,
    "55": 0,
    "56": 0.015844906328641998,
    "57": 0.0018641066268990586,
    "58": 0,
    "59": 0,
    "60": 0.12769130394258552,
    "61": 0,
    "62": 0,
    "63": 0.04846677229937552,
    "64": 0.023301332836238232,
    "65": 0.0009320533134495293,
    "66": 0.029825706030384938,
    "67": 0.19573119582440118,
    "68": 2.3804641625500977,
    "69": 1.998322304035791,
    "70": 0.0037282132537981173,
    "71": 0,
    "3.5": 0,
    "3.6": 0
  },
  "chrome": {
    "4": 0,
    "5": 0,
    "6": 0,
    "7": 0,
    "8": 0,
    "9": 0,
    "10": 0,
    "11": 0,
    "12": 0,
    "13": 0,
    "14": 0,
    "15": 0,
    "16": 0,
    "17": 0,
    "18": 0,
    "19": 0,
    "20": 0,
    "21": 0,
    "22": 0,
    "23": 0,
    "24": 0,
    "25": 0,
    "26": 0,
    "27": 0.062447572001118466,
    "28": 0,
    "29": 0,
    "30": 0,
    "31": 0,
    "32": 0,
    "33": 0,
    "34": 0,
    "35": 0,
    "36": 0.009320533134495292,
    "37": 0,
    "38": 0,
    "39": 0,
    "40": 0.002796159940348588,
    "41": 0.0009320533134495293,
    "42": 0,
    "43": 0,
    "44": 0.0018641066268990586,
    "45": 0.01211669307484388,
    "46": 0,
    "47": 0,
    "48": 0,
    "49": 0.20505172895889642,
    "50": 0,
    "51": 0,
    "52": 0,
    "53": 0,
    "54": 0,
    "55": 0.01211669307484388,
    "56": 0.005592319880697176,
    "57": 0.2386056482430795,
    "58": 0,
    "59": 0,
    "60": 0.026097492776586823,
    "61": 0,
    "62": 0,
    "63": 0.043806505732127875,
    "64": 0.011184639761394352,
    "65": 0.07829247832976047,
    "66": 0.06151551868766893,
    "67": 0.12862335725603505,
    "68": 0.05871935874732035,
    "69": 0.022369279522788704,
    "70": 0.059651412060769876,
    "71": 0.1174387174946407,
    "72": 0.1407400503308789,
    "73": 0.11184639761394352,
    "74": 0.5228819088451859,
    "75": 13.405722807344581,
    "76": 23.12424270668282,
    "77": 13.933264982757013,
    "78": 1.243359120141672,
    "79": 0.37654953863360985,
    "80": 0
  },
  "safari": {
    "4": 0,
    "5": 0,
    "6": 0,
    "7": 0,
    "8": 0.0037282132537981173,
    "9": 0.005592319880697176,
    "10": 0.018641066268990585,
    "11": 0.062447572001118466,
    "12": 0.649641159474322,
    "13": 0.6841271320719545,
    "3.1": 0,
    "3.2": 0,
    "5.1": 0,
    "6.1": 0,
    "7.1": 0,
    "9.1": 0.01398079970174294,
    "10.1": 0.43806505732127876,
    "11.1": 0.6757386522509088,
    "12.1": 5.1253611706589615,
    "TP": 0,
    "13.1": 0
  },
  "opera": {
    "9": 0,
    "11": 0,
    "12": 0,
    "15": 0,
    "16": 0,
    "17": 0,
    "18": 0,
    "19": 0,
    "20": 0,
    "21": 0,
    "22": 0,
    "23": 0,
    "24": 0,
    "25": 0,
    "26": 0,
    "27": 0,
    "28": 0,
    "29": 0,
    "30": 0,
    "31": 0,
    "32": 0,
    "33": 0,
    "34": 0,
    "35": 0,
    "36": 0,
    "37": 0,
    "38": 0,
    "39": 0,
    "40": 0,
    "41": 0,
    "42": 0,
    "43": 0,
    "44": 0,
    "45": 0,
    "46": 0,
    "47": 0,
    "48": 0,
    "49": 0,
    "50": 0,
    "51": 0,
    "52": 0,
    "53": 0,
    "54": 0,
    "55": 0,
    "56": 0,
    "57": 0,
    "58": 0,
    "60": 0,
    "62": 0.11837077080809023,
    "9.5-9.6": 0,
    "10.0-10.1": 0,
    "10.5": 0,
    "10.6": 0,
    "11.1": 0,
    "11.5": 0,
    "11.6": 0,
    "12.1": 0
  },
  "ios_saf": {
    "8": 0,
    "13": 0.10625407773324634,
    "3.2": 0,
    "4.0-4.1": 0,
    "4.2-4.3": 0,
    "5.0-5.1": 0,
    "6.0-6.1": 0,
    "7.0-7.1": 0.0018641066268990586,
    "8.1-8.4": 0.006524373194146706,
    "9.0-9.2": 0.0037282132537981173,
    "9.3": 0.12675925062913598,
    "10.0-10.2": 0.0764283717028614,
    "10.3": 0.14540031689812657,
    "11.0-11.2": 0.11837077080809023,
    "11.3-11.4": 0.5890576941001026,
    "12.0-12.1": 3.788796719172337,
    "12.2-12.3": 5.731195824401156,
    "13.1": 0.3215583931400876
  },
  "op_mini": {
    "all": 0.03541802591108211
  },
  "android": {
    "3": 0,
    "4": 0,
    "76": 0.31410196663249135,
    "2.1": 0,
    "2.2": 0,
    "2.3": 0,
    "4.1": 0,
    "4.2-4.3": 0,
    "4.4": 0,
    "4.4.3-4.4.4": 0
  },
  "bb": {
    "7": 0,
    "10": 0
  },
  "op_mob": {
    "10": 0,
    "11": 0,
    "12": 0,
    "46": 0,
    "11.1": 0,
    "11.5": 0,
    "12.1": 0
  },
  "and_chr": {
    "76": 6.866436760182683
  },
  "and_ff": {
    "68": 0.0699039985087147
  },
  "ie_mob": {
    "10": 0,
    "11": 0
  },
  "and_uc": {
    "12.12": 0.009320533134495292
  },
  "samsung": {
    "4": 0,
    "5.0-5.4": 0,
    "6.2-6.4": 0,
    "7.2-7.4": 0,
    "8.2": 0,
    "9.2": 0
  },
  "and_qq": {
    "1.2": 0
  },
  "baidu": {
    "7.12": 0
  },
  "kaios": {
    "2.5": 0
  }
}