{
  "ie": {
    "6": 0.004646948116824276,
    "7": 0.0007744913528040459,
    "8": 0.007744913528040459,
    "9": 0.004646948116824276,
    "10": 0.005421439469628322,
    "11": 3.1738655637909807,
    "5.5": 0
  },
  "edge": {
    "12": 0,
    "13": 0.002323474058412138,
    "14": 0.06428278228273582,
    "15": 0.06815523904675604,
    "16": 0.12082065103743117,
    "17": 4.38749351363492,
    "18": 0.11539921156780285
  },
  "firefox": {
    "2": 0,
    "3": 0,
    "4": 0,
    "5": 0,
    "6": 0,
    "7": 0,
    "8": 0,
    "9": 0,
    "10": 0,
    "11": 0,
    "12": 0,
    "13": 0,
    "14": 0,
    "15": 0,
    "16": 0,
    "17": 0,
    "18": 0,
    "19": 0,
    "20": 0,
    "21": 0,
    "22": 0,
    "23": 0,
    "24": 0,
    "25": 0,
    "26": 0,
    "27": 0,
    "28": 0,
    "29": 0,
    "30": 0,
    "31": 0,
    "32": 0,
    "33": 0.0015489827056080919,
    "34": 0,
    "35": 0,
    "36": 0,
    "37": 0,
    "38": 0.0061959308224323675,
    "39": 0,
    "40": 0,
    "41": 0,
    "42": 0,
    "43": 0,
    "44": 0,
    "45": 0.007744913528040459,
    "46": 0,
    "47": 0.012391861644864735,
    "48": 0.09758591045330979,
    "49": 0,
    "50": 0.012391861644864735,
    "51": 0,
    "52": 0.08054710069162078,
    "53": 0.0061959308224323675,
    "54": 0.0007744913528040459,
    "55": 0,
    "56": 0,
    "57": 0.013166352997668782,
    "58": 0,
    "59": 0.015489827056080919,
    "60": 0.1448298829743566,
    "61": 0.07977260933881673,
    "62": 0.12159514239023521,
    "63": 1.8804650046082234,
    "64": 2.6309471254753443,
    "65": 0.2811403610678687,
    "66": 0.016264318408884964,
    "67": 0,
    "3.5": 0,
    "3.6": 0
  },
  "chrome": {
    "4": 0,
    "5": 0,
    "6": 0,
    "7": 0,
    "8": 0,
    "9": 0,
    "10": 0,
    "11": 0,
    "12": 0,
    "13": 0,
    "14": 0,
    "15": 0,
    "16": 0,
    "17": 0,
    "18": 0,
    "19": 0,
    "20": 0,
    "21": 0,
    "22": 0,
    "23": 0,
    "24": 0,
    "25": 0,
    "26": 0,
    "27": 0.05808685146030344,
    "28": 0,
    "29": 0.0007744913528040459,
    "30": 0,
    "31": 0,
    "32": 0,
    "33": 0,
    "34": 0,
    "35": 0,
    "36": 0,
    "37": 0.002323474058412138,
    "38": 0,
    "39": 0.002323474058412138,
    "40": 0.0061959308224323675,
    "41": 0,
    "42": 0,
    "43": 0,
    "44": 0,
    "45": 0.007744913528040459,
    "46": 0.0007744913528040459,
    "47": 0,
    "48": 0.0069704221752364135,
    "49": 0.33148229900013165,
    "50": 0.0007744913528040459,
    "51": 0,
    "52": 0.013940844350472827,
    "53": 0.0007744913528040459,
    "54": 0.009293896233648551,
    "55": 0.010842878939256643,
    "56": 0.014715335703276874,
    "57": 0.3268353508833074,
    "58": 0.03175414546496588,
    "59": 0.03949905899300634,
    "60": 0.020136775172905196,
    "61": 0.008519404880844504,
    "62": 0.03252863681776993,
    "63": 0.06273379957712773,
    "64": 0.04259702440422253,
    "65": 0.09138997963087743,
    "66": 0.07977260933881673,
    "67": 0.17968199385053865,
    "68": 0.22692596637158544,
    "69": 0.4058334688693201,
    "70": 16.551654700775266,
    "71": 31.87419162465051,
    "72": 2.9020190989567602,
    "73": 0.007744913528040459,
    "74": 0,
    "75": 0
  },
  "safari": {
    "4": 0,
    "5": 0,
    "6": 0,
    "7": 0.010068387586452598,
    "8": 0.0015489827056080919,
    "9": 0.004646948116824276,
    "10": 0.10765429803976237,
    "11": 0.21608308743232882,
    "12": 7.531153914666542,
    "3.1": 0.0007744913528040459,
    "3.2": 0,
    "5.1": 0,
    "6.1": 0,
    "7.1": 0,
    "9.1": 0.18277995926175486,
    "10.1": 0.6761309509979321,
    "11.1": 1.365428254993533,
    "TP": 0
  },
  "opera": {
    "9": 0,
    "11": 0,
    "12": 0,
    "15": 0,
    "16": 0,
    "17": 0,
    "18": 0,
    "19": 0,
    "20": 0,
    "21": 0,
    "22": 0,
    "23": 0,
    "24": 0,
    "25": 0,
    "26": 0,
    "27": 0,
    "28": 0,
    "29": 0,
    "30": 0,
    "31": 0,
    "32": 0,
    "33": 0,
    "34": 0,
    "35": 0,
    "36": 0,
    "37": 0,
    "38": 0,
    "39": 0,
    "40": 0,
    "41": 0,
    "42": 0,
    "43": 0,
    "44": 0,
    "45": 0,
    "46": 0,
    "47": 0,
    "48": 0,
    "49": 0,
    "50": 0,
    "51": 0,
    "52": 0,
    "53": 0,
    "54": 0,
    "55": 0,
    "56": 0.08054710069162078,
    "57": 0.07125320445797223,
    "9.5-9.6": 0,
    "10.0-10.1": 0,
    "10.5": 0,
    "10.6": 0,
    "11.1": 0,
    "11.5": 0,
    "11.6": 0,
    "12.1": 0
  },
  "ios_saf": {
    "8": 0.008519404880844504,
    "3.2": 0,
    "4.0-4.1": 0,
    "4.2-4.3": 0,
    "5.0-5.1": 0.008519404880844504,
    "6.0-6.1": 0.0007744913528040459,
    "7.0-7.1": 0.014715335703276874,
    "8.1-8.4": 0.05111642928506703,
    "9.0-9.2": 0.012391861644864735,
    "9.3": 0.21375961337391666,
    "10.0-10.2": 0.15257479650239705,
    "10.3": 0.7357667851638436,
    "11.0-11.2": 0.40893143428053624,
    "11.3-11.4": 2.1159103758606532,
    "12.0-12.1": 13.040110907161722
  },
  "op_mini": {
    "all": 0.013166352997668782
  },
  "android": {
    "3": 0,
    "4": 0,
    "67": 0.15412377920800516,
    "2.1": 0,
    "2.2": 0.0007744913528040459,
    "2.3": 0,
    "4.1": 0,
    "4.2-4.3": 0,
    "4.4": 0,
    "4.4.3-4.4.4": 0
  },
  "bb": {
    "7": 0,
    "10": 0
  },
  "op_mob": {
    "10": 0.002323474058412138,
    "11": 0.002323474058412138,
    "12": 0.002323474058412138,
    "46": 0.002323474058412138,
    "11.1": 0.002323474058412138,
    "11.5": 0.002323474058412138,
    "12.1": 0.002323474058412138
  },
  "and_chr": {
    "71": 4.495147811674682
  },
  "and_ff": {
    "64": 0.11927166833182307
  },
  "ie_mob": {
    "10": 0,
    "11": 0
  },
  "and_uc": {
    "11.8": 0
  },
  "samsung": {
    "4": 0,
    "5.0-5.4": 0,
    "6.2-6.4": 0,
    "7.2-7.4": 0,
    "8.2": 0
  },
  "and_qq": {
    "1.2": 0
  },
  "baidu": {
    "7.12": 0
  }
}